image_file,adj1,adj2,adj1not,adj2not,feature1,feature2,num_objs1,num_objs2,position,position_word,obj1shape,obj1color,obj1pattern,obj2shape,obj2color,obj2pattern,obj3shape,obj3color,obj3pattern,question_speaker,question_free_speaker,question_listener_1,question_listener_2,free_speaker_answer
cond4_001.jpeg,green,spotted,blue,striped,color,pattern,2,2,2,middle,triangle,blue,striped,triangle,green,spotted,triangle,green,spotted,"Imagine you are talking to someone and you want to refer to the middle object. Which word would you use, 'green' or 'spotted'?",Imagine you are talking to someone and you want to refer to the middle object. What will you say?,Imagine someone is talking to you and uses the word 'green' to refer to one of the objects. Which object do you think they are talking about?,Imagine someone is talking to you and uses the word 'spotted' to refer to one of the objects. Which object do you think they are talking about?,Please select the triangle with a green outline and a polka dot pattern that looks identical to another triangle nearby.
cond4_002.jpeg,spotted,green,striped,blue,pattern,color,2,2_diff,2,middle,triangle,green,striped,triangle,green,spotted,triangle,blue,spotted,"Imagine you are talking to someone and you want to refer to the middle object. Which word would you use, 'spotted' or 'green'?",Imagine you are talking to someone and you want to refer to the middle object. What will you say?,Imagine someone is talking to you and uses the word 'spotted' to refer to one of the objects. Which object do you think they are talking about?,Imagine someone is talking to you and uses the word 'green' to refer to one of the objects. Which object do you think they are talking about?,Please select the triangle with the green outline and polka dots inside.
cond4_003.jpeg,square,spotted,circle,striped,shape,pattern,2,2,2,middle,square,red,spotted,square,red,spotted,circle,red,striped,"Imagine you are talking to someone and you want to refer to the middle object. Which word would you use, 'square' or 'spotted'?",Imagine you are talking to someone and you want to refer to the middle object. What will you say?,Imagine someone is talking to you and uses the word 'square' to refer to one of the objects. Which object do you think they are talking about?,Imagine someone is talking to you and uses the word 'spotted' to refer to one of the objects. Which object do you think they are talking about?,"Please select the square object with a pattern of gray dots, which looks identical to another square nearby."
cond4_004.jpeg,circle,striped,square,spotted,shape,pattern,2,2_diff,2,middle,square,red,striped,circle,red,striped,circle,red,spotted,"Imagine you are talking to someone and you want to refer to the middle object. Which word would you use, 'circle' or 'striped'?",Imagine you are talking to someone and you want to refer to the middle object. What will you say?,Imagine someone is talking to you and uses the word 'circle' to refer to one of the objects. Which object do you think they are talking about?,Imagine someone is talking to you and uses the word 'striped' to refer to one of the objects. Which object do you think they are talking about?,Please select the circle that has vertical stripes on it.
cond4_005.jpeg,blue,circle,green,square,color,shape,2,2,2,middle,square,green,checked,circle,blue,checked,circle,blue,checked,"Imagine you are talking to someone and you want to refer to the middle object. Which word would you use, 'blue' or 'circle'?",Imagine you are talking to someone and you want to refer to the middle object. What will you say?,Imagine someone is talking to you and uses the word 'blue' to refer to one of the objects. Which object do you think they are talking about?,Imagine someone is talking to you and uses the word 'circle' to refer to one of the objects. Which object do you think they are talking about?,Please select the object that has a checkered pattern inside a blue circle.
cond4_006.jpeg,green,circle,blue,square,color,shape,2,2,3,rightmost,circle,green,checked,square,blue,checked,circle,green,checked,"Imagine you are talking to someone and you want to refer to the rightmost object. Which word would you use, 'green' or 'circle'?",Imagine you are talking to someone and you want to refer to the rightmost object. What will you say?,Imagine someone is talking to you and uses the word 'green' to refer to one of the objects. Which object do you think they are talking about?,Imagine someone is talking to you and uses the word 'circle' to refer to one of the objects. Which object do you think they are talking about?,Please select the circle with a green outline and a checkerboard pattern inside.
cond4_007.jpeg,spotted,square,striped,circle,pattern,shape,2,2_diff,2,middle,square,red,striped,square,red,spotted,circle,red,spotted,"Imagine you are talking to someone and you want to refer to the middle object. Which word would you use, 'spotted' or 'square'?",Imagine you are talking to someone and you want to refer to the middle object. What will you say?,Imagine someone is talking to you and uses the word 'spotted' to refer to one of the objects. Which object do you think they are talking about?,Imagine someone is talking to you and uses the word 'square' to refer to one of the objects. Which object do you think they are talking about?,Please select the square object that has a pattern of dots on it.
cond4_008.jpeg,square,green,circle,blue,shape,color,2,2_diff,3,rightmost,square,blue,checked,circle,green,checked,square,green,checked,"Imagine you are talking to someone and you want to refer to the rightmost object. Which word would you use, 'square' or 'green'?",Imagine you are talking to someone and you want to refer to the rightmost object. What will you say?,Imagine someone is talking to you and uses the word 'square' to refer to one of the objects. Which object do you think they are talking about?,Imagine someone is talking to you and uses the word 'green' to refer to one of the objects. Which object do you think they are talking about?,Please select the square object that has a green border.
cond4_009.jpeg,square,striped,circle,spotted,shape,pattern,2,2,3,rightmost,circle,red,spotted,square,red,striped,square,red,striped,"Imagine you are talking to someone and you want to refer to the rightmost object. Which word would you use, 'square' or 'striped'?",Imagine you are talking to someone and you want to refer to the rightmost object. What will you say?,Imagine someone is talking to you and uses the word 'square' to refer to one of the objects. Which object do you think they are talking about?,Imagine someone is talking to you and uses the word 'striped' to refer to one of the objects. Which object do you think they are talking about?,Please select the square with vertical stripes that is next to another similar square.
cond4_010.jpeg,spotted,green,striped,blue,pattern,color,2,2_diff,2,middle,triangle,green,striped,triangle,green,spotted,triangle,blue,spotted,"Imagine you are talking to someone and you want to refer to the middle object. Which word would you use, 'spotted' or 'green'?",Imagine you are talking to someone and you want to refer to the middle object. What will you say?,Imagine someone is talking to you and uses the word 'spotted' to refer to one of the objects. Which object do you think they are talking about?,Imagine someone is talking to you and uses the word 'green' to refer to one of the objects. Which object do you think they are talking about?,Please select the triangle with a green border and polka dots inside.
cond4_011.jpeg,blue,square,green,circle,color,shape,2,2_diff,3,rightmost,square,green,checked,circle,blue,checked,square,blue,checked,"Imagine you are talking to someone and you want to refer to the rightmost object. Which word would you use, 'blue' or 'square'?",Imagine you are talking to someone and you want to refer to the rightmost object. What will you say?,Imagine someone is talking to you and uses the word 'blue' to refer to one of the objects. Which object do you think they are talking about?,Imagine someone is talking to you and uses the word 'square' to refer to one of the objects. Which object do you think they are talking about?,Please select the square object with a blue border and a checkered pattern.
cond4_012.jpeg,striped,square,spotted,circle,pattern,shape,2,2,1,leftmost,square,red,striped,circle,red,spotted,square,red,striped,"Imagine you are talking to someone and you want to refer to the leftmost object. Which word would you use, 'striped' or 'square'?",Imagine you are talking to someone and you want to refer to the leftmost object. What will you say?,Imagine someone is talking to you and uses the word 'striped' to refer to one of the objects. Which object do you think they are talking about?,Imagine someone is talking to you and uses the word 'square' to refer to one of the objects. Which object do you think they are talking about?,Please select the square with vertical stripes.
cond4_013.jpeg,spotted,square,striped,circle,pattern,shape,2,2,1,leftmost,square,red,spotted,circle,red,striped,square,red,spotted,"Imagine you are talking to someone and you want to refer to the leftmost object. Which word would you use, 'spotted' or 'square'?",Imagine you are talking to someone and you want to refer to the leftmost object. What will you say?,Imagine someone is talking to you and uses the word 'spotted' to refer to one of the objects. Which object do you think they are talking about?,Imagine someone is talking to you and uses the word 'square' to refer to one of the objects. Which object do you think they are talking about?,"I would say: ""Please select the square with the pattern of evenly spaced dots."""
cond4_014.jpeg,striped,green,spotted,blue,pattern,color,2,2,3,rightmost,triangle,green,striped,triangle,blue,spotted,triangle,green,striped,"Imagine you are talking to someone and you want to refer to the rightmost object. Which word would you use, 'striped' or 'green'?",Imagine you are talking to someone and you want to refer to the rightmost object. What will you say?,Imagine someone is talking to you and uses the word 'striped' to refer to one of the objects. Which object do you think they are talking about?,Imagine someone is talking to you and uses the word 'green' to refer to one of the objects. Which object do you think they are talking about?,Please select the triangle with a green border and vertical stripes inside.
cond4_015.jpeg,spotted,circle,striped,square,pattern,shape,2,2_diff,1,leftmost,circle,red,spotted,circle,red,striped,square,red,spotted,"Imagine you are talking to someone and you want to refer to the leftmost object. Which word would you use, 'spotted' or 'circle'?",Imagine you are talking to someone and you want to refer to the leftmost object. What will you say?,Imagine someone is talking to you and uses the word 'spotted' to refer to one of the objects. Which object do you think they are talking about?,Imagine someone is talking to you and uses the word 'circle' to refer to one of the objects. Which object do you think they are talking about?,Please select the circle that has a pattern of gray dots on a white background.
cond4_016.jpeg,spotted,square,striped,circle,pattern,shape,2,2,2,middle,circle,red,striped,square,red,spotted,square,red,spotted,"Imagine you are talking to someone and you want to refer to the middle object. Which word would you use, 'spotted' or 'square'?",Imagine you are talking to someone and you want to refer to the middle object. What will you say?,Imagine someone is talking to you and uses the word 'spotted' to refer to one of the objects. Which object do you think they are talking about?,Imagine someone is talking to you and uses the word 'square' to refer to one of the objects. Which object do you think they are talking about?,Please select the square object with a pattern of evenly spaced dots.
cond4_017.jpeg,green,square,blue,circle,color,shape,2,2,1,leftmost,square,green,checked,square,green,checked,circle,blue,checked,"Imagine you are talking to someone and you want to refer to the leftmost object. Which word would you use, 'green' or 'square'?",Imagine you are talking to someone and you want to refer to the leftmost object. What will you say?,Imagine someone is talking to you and uses the word 'green' to refer to one of the objects. Which object do you think they are talking about?,Imagine someone is talking to you and uses the word 'square' to refer to one of the objects. Which object do you think they are talking about?,Iâ€™d refer to it as the square object with a green border.
cond4_018.jpeg,green,spotted,blue,striped,color,pattern,2,2,2,middle,triangle,green,spotted,triangle,green,spotted,triangle,blue,striped,"Imagine you are talking to someone and you want to refer to the middle object. Which word would you use, 'green' or 'spotted'?",Imagine you are talking to someone and you want to refer to the middle object. What will you say?,Imagine someone is talking to you and uses the word 'green' to refer to one of the objects. Which object do you think they are talking about?,Imagine someone is talking to you and uses the word 'spotted' to refer to one of the objects. Which object do you think they are talking about?,"Please select the triangle that has a green border and is filled with gray dots, just like another one nearby, but is not on the edge."
cond4_019.jpeg,square,striped,circle,spotted,shape,pattern,2,2_diff,3,rightmost,circle,red,striped,square,red,spotted,square,red,striped,"Imagine you are talking to someone and you want to refer to the rightmost object. Which word would you use, 'square' or 'striped'?",Imagine you are talking to someone and you want to refer to the rightmost object. What will you say?,Imagine someone is talking to you and uses the word 'square' to refer to one of the objects. Which object do you think they are talking about?,Imagine someone is talking to you and uses the word 'striped' to refer to one of the objects. Which object do you think they are talking about?,Please select the square object with vertical stripes.
cond4_020.jpeg,green,striped,blue,spotted,color,pattern,2,2,1,leftmost,triangle,green,striped,triangle,blue,spotted,triangle,green,striped,"Imagine you are talking to someone and you want to refer to the leftmost object. Which word would you use, 'green' or 'striped'?",Imagine you are talking to someone and you want to refer to the leftmost object. What will you say?,Imagine someone is talking to you and uses the word 'green' to refer to one of the objects. Which object do you think they are talking about?,Imagine someone is talking to you and uses the word 'striped' to refer to one of the objects. Which object do you think they are talking about?,Pick the triangle with a green outline and vertical stripes inside.
cond4_021.jpeg,green,circle,blue,square,color,shape,2,2,1,leftmost,circle,green,checked,circle,green,checked,square,blue,checked,"Imagine you are talking to someone and you want to refer to the leftmost object. Which word would you use, 'green' or 'circle'?",Imagine you are talking to someone and you want to refer to the leftmost object. What will you say?,Imagine someone is talking to you and uses the word 'green' to refer to one of the objects. Which object do you think they are talking about?,Imagine someone is talking to you and uses the word 'circle' to refer to one of the objects. Which object do you think they are talking about?,Please select the circle with a green outline and a checkerboard pattern.
cond4_022.jpeg,blue,spotted,green,striped,color,pattern,2,2_diff,2,middle,triangle,blue,striped,triangle,blue,spotted,triangle,green,spotted,"Imagine you are talking to someone and you want to refer to the middle object. Which word would you use, 'blue' or 'spotted'?",Imagine you are talking to someone and you want to refer to the middle object. What will you say?,Imagine someone is talking to you and uses the word 'blue' to refer to one of the objects. Which object do you think they are talking about?,Imagine someone is talking to you and uses the word 'spotted' to refer to one of the objects. Which object do you think they are talking about?,Please select the triangle with the blue border and polka dots inside.
cond4_023.jpeg,square,green,circle,blue,shape,color,2,2,1,leftmost,square,green,checked,square,green,checked,circle,blue,checked,"Imagine you are talking to someone and you want to refer to the leftmost object. Which word would you use, 'square' or 'green'?",Imagine you are talking to someone and you want to refer to the leftmost object. What will you say?,Imagine someone is talking to you and uses the word 'square' to refer to one of the objects. Which object do you think they are talking about?,Imagine someone is talking to you and uses the word 'green' to refer to one of the objects. Which object do you think they are talking about?,"I would say: ""Please select the square object with a green border."""
cond4_024.jpeg,striped,green,spotted,blue,pattern,color,2,2,1,leftmost,triangle,green,striped,triangle,green,striped,triangle,blue,spotted,"Imagine you are talking to someone and you want to refer to the leftmost object. Which word would you use, 'striped' or 'green'?",Imagine you are talking to someone and you want to refer to the leftmost object. What will you say?,Imagine someone is talking to you and uses the word 'striped' to refer to one of the objects. Which object do you think they are talking about?,Imagine someone is talking to you and uses the word 'green' to refer to one of the objects. Which object do you think they are talking about?,Please select the triangle with a green outline and vertical stripes.
cond4_025.jpeg,blue,circle,green,square,color,shape,2,2_diff,3,rightmost,square,blue,checked,circle,green,checked,circle,blue,checked,"Imagine you are talking to someone and you want to refer to the rightmost object. Which word would you use, 'blue' or 'circle'?",Imagine you are talking to someone and you want to refer to the rightmost object. What will you say?,Imagine someone is talking to you and uses the word 'blue' to refer to one of the objects. Which object do you think they are talking about?,Imagine someone is talking to you and uses the word 'circle' to refer to one of the objects. Which object do you think they are talking about?,Please select the object that has a checkered pattern inside a circle with a blue border.
cond4_026.jpeg,spotted,blue,striped,green,pattern,color,2,2,2,middle,triangle,green,striped,triangle,blue,spotted,triangle,blue,spotted,"Imagine you are talking to someone and you want to refer to the middle object. Which word would you use, 'spotted' or 'blue'?",Imagine you are talking to someone and you want to refer to the middle object. What will you say?,Imagine someone is talking to you and uses the word 'spotted' to refer to one of the objects. Which object do you think they are talking about?,Imagine someone is talking to you and uses the word 'blue' to refer to one of the objects. Which object do you think they are talking about?,Please select the triangle that has a blue border and is filled with gray dots.
cond4_027.jpeg,spotted,blue,striped,green,pattern,color,2,2_diff,1,leftmost,triangle,blue,spotted,triangle,blue,striped,triangle,green,spotted,"Imagine you are talking to someone and you want to refer to the leftmost object. Which word would you use, 'spotted' or 'blue'?",Imagine you are talking to someone and you want to refer to the leftmost object. What will you say?,Imagine someone is talking to you and uses the word 'spotted' to refer to one of the objects. Which object do you think they are talking about?,Imagine someone is talking to you and uses the word 'blue' to refer to one of the objects. Which object do you think they are talking about?,Please select the triangle with the blue border and polka dots inside.
cond4_028.jpeg,square,green,circle,blue,shape,color,2,2,2,middle,circle,blue,checked,square,green,checked,square,green,checked,"Imagine you are talking to someone and you want to refer to the middle object. Which word would you use, 'square' or 'green'?",Imagine you are talking to someone and you want to refer to the middle object. What will you say?,Imagine someone is talking to you and uses the word 'square' to refer to one of the objects. Which object do you think they are talking about?,Imagine someone is talking to you and uses the word 'green' to refer to one of the objects. Which object do you think they are talking about?,Please select the square object that has a green border and is between the circle and the other square.
cond4_029.jpeg,green,circle,blue,square,color,shape,2,2_diff,1,leftmost,circle,green,checked,square,green,checked,circle,blue,checked,"Imagine you are talking to someone and you want to refer to the leftmost object. Which word would you use, 'green' or 'circle'?",Imagine you are talking to someone and you want to refer to the leftmost object. What will you say?,Imagine someone is talking to you and uses the word 'green' to refer to one of the objects. Which object do you think they are talking about?,Imagine someone is talking to you and uses the word 'circle' to refer to one of the objects. Which object do you think they are talking about?,Choose the object that is a circle with a green outline.
cond4_030.jpeg,blue,striped,green,spotted,color,pattern,2,2_diff,3,rightmost,triangle,blue,spotted,triangle,green,striped,triangle,blue,striped,"Imagine you are talking to someone and you want to refer to the rightmost object. Which word would you use, 'blue' or 'striped'?",Imagine you are talking to someone and you want to refer to the rightmost object. What will you say?,Imagine someone is talking to you and uses the word 'blue' to refer to one of the objects. Which object do you think they are talking about?,Imagine someone is talking to you and uses the word 'striped' to refer to one of the objects. Which object do you think they are talking about?,Please select the triangle with the blue border and vertical stripes inside.
cond4_031.jpeg,circle,blue,square,green,shape,color,2,2,3,rightmost,square,green,checked,circle,blue,checked,circle,blue,checked,"Imagine you are talking to someone and you want to refer to the rightmost object. Which word would you use, 'circle' or 'blue'?",Imagine you are talking to someone and you want to refer to the rightmost object. What will you say?,Imagine someone is talking to you and uses the word 'circle' to refer to one of the objects. Which object do you think they are talking about?,Imagine someone is talking to you and uses the word 'blue' to refer to one of the objects. Which object do you think they are talking about?,Please select the circle with the blue border that is furthest to the right.
cond4_032.jpeg,square,striped,circle,spotted,shape,pattern,2,2,3,rightmost,square,red,striped,circle,red,spotted,square,red,striped,"Imagine you are talking to someone and you want to refer to the rightmost object. Which word would you use, 'square' or 'striped'?",Imagine you are talking to someone and you want to refer to the rightmost object. What will you say?,Imagine someone is talking to you and uses the word 'square' to refer to one of the objects. Which object do you think they are talking about?,Imagine someone is talking to you and uses the word 'striped' to refer to one of the objects. Which object do you think they are talking about?,"Please select the square that has vertical stripes, just like another one in the set, but not the one with dots."
cond4_033.jpeg,green,circle,blue,square,color,shape,2,2_diff,2,middle,square,green,checked,circle,green,checked,circle,blue,checked,"Imagine you are talking to someone and you want to refer to the middle object. Which word would you use, 'green' or 'circle'?",Imagine you are talking to someone and you want to refer to the middle object. What will you say?,Imagine someone is talking to you and uses the word 'green' to refer to one of the objects. Which object do you think they are talking about?,Imagine someone is talking to you and uses the word 'circle' to refer to one of the objects. Which object do you think they are talking about?,Please select the object that has a checkered pattern inside a green circle.
cond4_034.jpeg,striped,square,spotted,circle,pattern,shape,2,2_diff,3,rightmost,circle,red,striped,square,red,spotted,square,red,striped,"Imagine you are talking to someone and you want to refer to the rightmost object. Which word would you use, 'striped' or 'square'?",Imagine you are talking to someone and you want to refer to the rightmost object. What will you say?,Imagine someone is talking to you and uses the word 'striped' to refer to one of the objects. Which object do you think they are talking about?,Imagine someone is talking to you and uses the word 'square' to refer to one of the objects. Which object do you think they are talking about?,Please select the square object with vertical stripes.
cond4_035.jpeg,blue,circle,green,square,color,shape,2,2,3,rightmost,circle,blue,checked,square,green,checked,circle,blue,checked,"Imagine you are talking to someone and you want to refer to the rightmost object. Which word would you use, 'blue' or 'circle'?",Imagine you are talking to someone and you want to refer to the rightmost object. What will you say?,Imagine someone is talking to you and uses the word 'blue' to refer to one of the objects. Which object do you think they are talking about?,Imagine someone is talking to you and uses the word 'circle' to refer to one of the objects. Which object do you think they are talking about?,Please select the circle with a blue outline and a checkered pattern.
cond4_036.jpeg,spotted,circle,striped,square,pattern,shape,2,2_diff,2,middle,circle,red,striped,circle,red,spotted,square,red,spotted,"Imagine you are talking to someone and you want to refer to the middle object. Which word would you use, 'spotted' or 'circle'?",Imagine you are talking to someone and you want to refer to the middle object. What will you say?,Imagine someone is talking to you and uses the word 'spotted' to refer to one of the objects. Which object do you think they are talking about?,Imagine someone is talking to you and uses the word 'circle' to refer to one of the objects. Which object do you think they are talking about?,Please select the circle that has a pattern of gray dots on a white background.
cond4_037.jpeg,circle,striped,square,spotted,shape,pattern,2,2,3,rightmost,square,red,spotted,circle,red,striped,circle,red,striped,"Imagine you are talking to someone and you want to refer to the rightmost object. Which word would you use, 'circle' or 'striped'?",Imagine you are talking to someone and you want to refer to the rightmost object. What will you say?,Imagine someone is talking to you and uses the word 'circle' to refer to one of the objects. Which object do you think they are talking about?,Imagine someone is talking to you and uses the word 'striped' to refer to one of the objects. Which object do you think they are talking about?,Please select the circle with vertical stripes.
cond4_038.jpeg,striped,green,spotted,blue,pattern,color,2,2,2,middle,triangle,blue,spotted,triangle,green,striped,triangle,green,striped,"Imagine you are talking to someone and you want to refer to the middle object. Which word would you use, 'striped' or 'green'?",Imagine you are talking to someone and you want to refer to the middle object. What will you say?,Imagine someone is talking to you and uses the word 'striped' to refer to one of the objects. Which object do you think they are talking about?,Imagine someone is talking to you and uses the word 'green' to refer to one of the objects. Which object do you think they are talking about?,Please select the triangle with the green border and vertical stripes that is not on either end.
cond4_039.jpeg,blue,circle,green,square,color,shape,2,2_diff,2,middle,circle,green,checked,circle,blue,checked,square,blue,checked,"Imagine you are talking to someone and you want to refer to the middle object. Which word would you use, 'blue' or 'circle'?",Imagine you are talking to someone and you want to refer to the middle object. What will you say?,Imagine someone is talking to you and uses the word 'blue' to refer to one of the objects. Which object do you think they are talking about?,Imagine someone is talking to you and uses the word 'circle' to refer to one of the objects. Which object do you think they are talking about?,Please select the circle with a blue outline.
cond4_040.jpeg,blue,square,green,circle,color,shape,2,2_diff,1,leftmost,square,blue,checked,circle,blue,checked,square,green,checked,"Imagine you are talking to someone and you want to refer to the leftmost object. Which word would you use, 'blue' or 'square'?",Imagine you are talking to someone and you want to refer to the leftmost object. What will you say?,Imagine someone is talking to you and uses the word 'blue' to refer to one of the objects. Which object do you think they are talking about?,Imagine someone is talking to you and uses the word 'square' to refer to one of the objects. Which object do you think they are talking about?,"I would say: ""Please select the square object with a blue border."""
cond4_041.jpeg,square,striped,circle,spotted,shape,pattern,2,2,2,middle,circle,red,spotted,square,red,striped,square,red,striped,"Imagine you are talking to someone and you want to refer to the middle object. Which word would you use, 'square' or 'striped'?",Imagine you are talking to someone and you want to refer to the middle object. What will you say?,Imagine someone is talking to you and uses the word 'square' to refer to one of the objects. Which object do you think they are talking about?,Imagine someone is talking to you and uses the word 'striped' to refer to one of the objects. Which object do you think they are talking about?,Please select the square with vertical stripes.
cond4_042.jpeg,striped,blue,spotted,green,pattern,color,2,2_diff,2,middle,triangle,blue,spotted,triangle,blue,striped,triangle,green,striped,"Imagine you are talking to someone and you want to refer to the middle object. Which word would you use, 'striped' or 'blue'?",Imagine you are talking to someone and you want to refer to the middle object. What will you say?,Imagine someone is talking to you and uses the word 'striped' to refer to one of the objects. Which object do you think they are talking about?,Imagine someone is talking to you and uses the word 'blue' to refer to one of the objects. Which object do you think they are talking about?,Please select the triangle with blue edges and vertical stripes inside.
cond4_043.jpeg,blue,square,green,circle,color,shape,2,2,3,rightmost,square,blue,checked,circle,green,checked,square,blue,checked,"Imagine you are talking to someone and you want to refer to the rightmost object. Which word would you use, 'blue' or 'square'?",Imagine you are talking to someone and you want to refer to the rightmost object. What will you say?,Imagine someone is talking to you and uses the word 'blue' to refer to one of the objects. Which object do you think they are talking about?,Imagine someone is talking to you and uses the word 'square' to refer to one of the objects. Which object do you think they are talking about?,"I would say: ""Please select the square object with a blue border."""
cond4_044.jpeg,striped,blue,spotted,green,pattern,color,2,2,1,leftmost,triangle,blue,striped,triangle,green,spotted,triangle,blue,striped,"Imagine you are talking to someone and you want to refer to the leftmost object. Which word would you use, 'striped' or 'blue'?",Imagine you are talking to someone and you want to refer to the leftmost object. What will you say?,Imagine someone is talking to you and uses the word 'striped' to refer to one of the objects. Which object do you think they are talking about?,Imagine someone is talking to you and uses the word 'blue' to refer to one of the objects. Which object do you think they are talking about?,Please select the triangle with the blue outline and vertical stripes inside.
cond4_045.jpeg,green,circle,blue,square,color,shape,2,2,1,leftmost,circle,green,checked,square,blue,checked,circle,green,checked,"Imagine you are talking to someone and you want to refer to the leftmost object. Which word would you use, 'green' or 'circle'?",Imagine you are talking to someone and you want to refer to the leftmost object. What will you say?,Imagine someone is talking to you and uses the word 'green' to refer to one of the objects. Which object do you think they are talking about?,Imagine someone is talking to you and uses the word 'circle' to refer to one of the objects. Which object do you think they are talking about?,Please select the object that has a checkered pattern inside a green circle.
cond4_046.jpeg,circle,spotted,square,striped,shape,pattern,2,2_diff,1,leftmost,circle,red,spotted,circle,red,striped,square,red,spotted,"Imagine you are talking to someone and you want to refer to the leftmost object. Which word would you use, 'circle' or 'spotted'?",Imagine you are talking to someone and you want to refer to the leftmost object. What will you say?,Imagine someone is talking to you and uses the word 'circle' to refer to one of the objects. Which object do you think they are talking about?,Imagine someone is talking to you and uses the word 'spotted' to refer to one of the objects. Which object do you think they are talking about?,Please select the circle with the polka dot pattern.
cond4_047.jpeg,square,striped,circle,spotted,shape,pattern,2,2,3,rightmost,square,red,striped,circle,red,spotted,square,red,striped,"Imagine you are talking to someone and you want to refer to the rightmost object. Which word would you use, 'square' or 'striped'?",Imagine you are talking to someone and you want to refer to the rightmost object. What will you say?,Imagine someone is talking to you and uses the word 'square' to refer to one of the objects. Which object do you think they are talking about?,Imagine someone is talking to you and uses the word 'striped' to refer to one of the objects. Which object do you think they are talking about?,Please select the square with vertical stripes that is not next to the circle.
cond4_048.jpeg,square,blue,circle,green,shape,color,2,2_diff,1,leftmost,square,blue,checked,circle,blue,checked,square,green,checked,"Imagine you are talking to someone and you want to refer to the leftmost object. Which word would you use, 'square' or 'blue'?",Imagine you are talking to someone and you want to refer to the leftmost object. What will you say?,Imagine someone is talking to you and uses the word 'square' to refer to one of the objects. Which object do you think they are talking about?,Imagine someone is talking to you and uses the word 'blue' to refer to one of the objects. Which object do you think they are talking about?,Please select the square object with a blue border.
cond4_049.jpeg,striped,blue,spotted,green,pattern,color,2,2_diff,3,rightmost,triangle,green,striped,triangle,blue,spotted,triangle,blue,striped,"Imagine you are talking to someone and you want to refer to the rightmost object. Which word would you use, 'striped' or 'blue'?",Imagine you are talking to someone and you want to refer to the rightmost object. What will you say?,Imagine someone is talking to you and uses the word 'striped' to refer to one of the objects. Which object do you think they are talking about?,Imagine someone is talking to you and uses the word 'blue' to refer to one of the objects. Which object do you think they are talking about?,Please select the triangle with a blue border and vertical stripes inside.
cond4_050.jpeg,spotted,blue,striped,green,pattern,color,2,2,1,leftmost,triangle,blue,spotted,triangle,blue,spotted,triangle,green,striped,"Imagine you are talking to someone and you want to refer to the leftmost object. Which word would you use, 'spotted' or 'blue'?",Imagine you are talking to someone and you want to refer to the leftmost object. What will you say?,Imagine someone is talking to you and uses the word 'spotted' to refer to one of the objects. Which object do you think they are talking about?,Imagine someone is talking to you and uses the word 'blue' to refer to one of the objects. Which object do you think they are talking about?,Please select the triangle with a blue border and filled with gray dots.
