image_file,condition,adj1,adj2,adj1not,adj2not,feature1,feature2,num_objs1,num_objs2,position,position_word,obj1shape,obj1color,obj1pattern,obj2shape,obj2color,obj2pattern,obj3shape,obj3color,obj3pattern,question_speaker,question_free_speaker,question_listener_1,question_listener_2,free_speaker_answer,feature,shape,color,texture,target_feature,target_feature_mentioned,cond5_001.jpeg,cond5,blue,square,green,circle,color,shape,2,1,1,leftmost,square,blue,checked,circle,green,checked,circle,blue,checked,"Imagine you are talking to someone and you want to refer to the leftmost object. Which word would you use, 'blue' or 'square'?","Imagine you are talking to someone and you want to refer to the leftmost object. 
Your job is to decide what utterance to use. The objects might be arranged differently for the other person, so please do not use degenerate spatial locations and the label. The target image is highlighted by a dashed red box that only you can see.
What will you say?",Imagine someone is talking to you and uses the word 'blue' to refer to one of the objects. Which object do you think they are talking about?,Imagine someone is talking to you and uses the word 'square' to refer to one of the objects. Which object do you think they are talking about?,Square.,1,yes,,,square,yes,cond5_002.jpeg,cond5,spotted,circle,striped,square,pattern,shape,2,1,1,leftmost,circle,red,spotted,square,red,striped,square,red,spotted,"Imagine you are talking to someone and you want to refer to the leftmost object. Which word would you use, 'spotted' or 'circle'?","Imagine you are talking to someone and you want to refer to the leftmost object. 
Your job is to decide what utterance to use. The objects might be arranged differently for the other person, so please do not use degenerate spatial locations and the label. The target image is highlighted by a dashed red box that only you can see.
What will you say?",Imagine someone is talking to you and uses the word 'spotted' to refer to one of the objects. Which object do you think they are talking about?,Imagine someone is talking to you and uses the word 'circle' to refer to one of the objects. Which object do you think they are talking about?,Circle,1,yes,,,circle,yes,cond5_003.jpeg,cond5,green,spotted,blue,striped,color,pattern,2,1,2,middle,triangle,green,striped,triangle,green,spotted,triangle,blue,striped,"Imagine you are talking to someone and you want to refer to the middle object. Which word would you use, 'green' or 'spotted'?","Imagine you are talking to someone and you want to refer to the leftmost object. 
Your job is to decide what utterance to use. The objects might be arranged differently for the other person, so please do not use degenerate spatial locations and the label. The target image is highlighted by a dashed red box that only you can see.
What will you say?",Imagine someone is talking to you and uses the word 'green' to refer to one of the objects. Which object do you think they are talking about?,Imagine someone is talking to you and uses the word 'spotted' to refer to one of the objects. Which object do you think they are talking about?,Dotted.,1,,,yes,spotted,yes,cond5_004.jpeg,cond5,green,striped,blue,spotted,color,pattern,2,1,1,leftmost,triangle,green,striped,triangle,blue,spotted,triangle,green,spotted,"Imagine you are talking to someone and you want to refer to the leftmost object. Which word would you use, 'green' or 'striped'?","Imagine you are talking to someone and you want to refer to the leftmost object. 
Your job is to decide what utterance to use. The objects might be arranged differently for the other person, so please do not use degenerate spatial locations and the label. The target image is highlighted by a dashed red box that only you can see.
What will you say?",Imagine someone is talking to you and uses the word 'green' to refer to one of the objects. Which object do you think they are talking about?,Imagine someone is talking to you and uses the word 'striped' to refer to one of the objects. Which object do you think they are talking about?,Striped.,1,,,yes,striped,yes,cond5_005.jpeg,cond5,green,striped,blue,spotted,color,pattern,2,1,1,leftmost,triangle,green,striped,triangle,blue,spotted,triangle,green,spotted,"Imagine you are talking to someone and you want to refer to the leftmost object. Which word would you use, 'green' or 'striped'?","Imagine you are talking to someone and you want to refer to the leftmost object. 
Your job is to decide what utterance to use. The objects might be arranged differently for the other person, so please do not use degenerate spatial locations and the label. The target image is highlighted by a dashed red box that only you can see.
What will you say?",Imagine someone is talking to you and uses the word 'green' to refer to one of the objects. Which object do you think they are talking about?,Imagine someone is talking to you and uses the word 'striped' to refer to one of the objects. Which object do you think they are talking about?,Stripes.,1,,,yes,striped,yes,cond5_006.jpeg,cond5,circle,blue,square,green,shape,color,2,1,2,middle,circle,green,checked,circle,blue,checked,square,green,checked,"Imagine you are talking to someone and you want to refer to the middle object. Which word would you use, 'circle' or 'blue'?","Imagine you are talking to someone and you want to refer to the leftmost object. 
Your job is to decide what utterance to use. The objects might be arranged differently for the other person, so please do not use degenerate spatial locations and the label. The target image is highlighted by a dashed red box that only you can see.
What will you say?",Imagine someone is talking to you and uses the word 'circle' to refer to one of the objects. Which object do you think they are talking about?,Imagine someone is talking to you and uses the word 'blue' to refer to one of the objects. Which object do you think they are talking about?,Blue.,1,,yes,,blue,yes,cond5_007.jpeg,cond5,striped,blue,spotted,green,pattern,color,2,1,3,rightmost,triangle,green,spotted,triangle,green,striped,triangle,blue,striped,"Imagine you are talking to someone and you want to refer to the rightmost object. Which word would you use, 'striped' or 'blue'?","Imagine you are talking to someone and you want to refer to the leftmost object. 
Your job is to decide what utterance to use. The objects might be arranged differently for the other person, so please do not use degenerate spatial locations and the label. The target image is highlighted by a dashed red box that only you can see.
What will you say?",Imagine someone is talking to you and uses the word 'striped' to refer to one of the objects. Which object do you think they are talking about?,Imagine someone is talking to you and uses the word 'blue' to refer to one of the objects. Which object do you think they are talking about?,Blue.,1,,yes,,blue,yes,cond5_008.jpeg,cond5,spotted,square,striped,circle,pattern,shape,2,1,3,rightmost,circle,red,striped,circle,red,spotted,square,red,spotted,"Imagine you are talking to someone and you want to refer to the rightmost object. Which word would you use, 'spotted' or 'square'?","Imagine you are talking to someone and you want to refer to the leftmost object. 
Your job is to decide what utterance to use. The objects might be arranged differently for the other person, so please do not use degenerate spatial locations and the label. The target image is highlighted by a dashed red box that only you can see.
What will you say?",Imagine someone is talking to you and uses the word 'spotted' to refer to one of the objects. Which object do you think they are talking about?,Imagine someone is talking to you and uses the word 'square' to refer to one of the objects. Which object do you think they are talking about?,Stripes,1,,,yes,square,yes,cond5_009.jpeg,cond5,square,blue,circle,green,shape,color,2,1,1,leftmost,square,blue,checked,circle,green,checked,square,green,checked,"Imagine you are talking to someone and you want to refer to the leftmost object. Which word would you use, 'square' or 'blue'?","Imagine you are talking to someone and you want to refer to the leftmost object. 
Your job is to decide what utterance to use. The objects might be arranged differently for the other person, so please do not use degenerate spatial locations and the label. The target image is highlighted by a dashed red box that only you can see.
What will you say?",Imagine someone is talking to you and uses the word 'square' to refer to one of the objects. Which object do you think they are talking about?,Imagine someone is talking to you and uses the word 'blue' to refer to one of the objects. Which object do you think they are talking about?,Blue,1,,yes,,blue,yes,cond5_010.jpeg,cond5,circle,blue,square,green,shape,color,2,1,2,middle,circle,green,checked,circle,blue,checked,square,green,checked,"Imagine you are talking to someone and you want to refer to the middle object. Which word would you use, 'circle' or 'blue'?","Imagine you are talking to someone and you want to refer to the leftmost object. 
Your job is to decide what utterance to use. The objects might be arranged differently for the other person, so please do not use degenerate spatial locations and the label. The target image is highlighted by a dashed red box that only you can see.
What will you say?",Imagine someone is talking to you and uses the word 'circle' to refer to one of the objects. Which object do you think they are talking about?,Imagine someone is talking to you and uses the word 'blue' to refer to one of the objects. Which object do you think they are talking about?,Blue.,1,,yes,,blue,yes,cond5_011.jpeg,cond5,green,circle,blue,square,color,shape,2,1,1,leftmost,circle,green,checked,square,green,checked,square,blue,checked,"Imagine you are talking to someone and you want to refer to the leftmost object. Which word would you use, 'green' or 'circle'?","Imagine you are talking to someone and you want to refer to the leftmost object. 
Your job is to decide what utterance to use. The objects might be arranged differently for the other person, so please do not use degenerate spatial locations and the label. The target image is highlighted by a dashed red box that only you can see.
What will you say?",Imagine someone is talking to you and uses the word 'green' to refer to one of the objects. Which object do you think they are talking about?,Imagine someone is talking to you and uses the word 'circle' to refer to one of the objects. Which object do you think they are talking about?,Circle.,1,yes,,,circle,yes,cond5_012.jpeg,cond5,spotted,square,striped,circle,pattern,shape,2,1,3,rightmost,circle,red,spotted,circle,red,striped,square,red,spotted,"Imagine you are talking to someone and you want to refer to the rightmost object. Which word would you use, 'spotted' or 'square'?","Imagine you are talking to someone and you want to refer to the leftmost object. 
Your job is to decide what utterance to use. The objects might be arranged differently for the other person, so please do not use degenerate spatial locations and the label. The target image is highlighted by a dashed red box that only you can see.
What will you say?",Imagine someone is talking to you and uses the word 'spotted' to refer to one of the objects. Which object do you think they are talking about?,Imagine someone is talking to you and uses the word 'square' to refer to one of the objects. Which object do you think they are talking about?,Dotted circle.,2,yes,,yes,square,no,wrong_imagecond5_013.jpeg,cond5,circle,green,square,blue,shape,color,2,1,3,rightmost,circle,blue,checked,square,blue,checked,circle,green,checked,"Imagine you are talking to someone and you want to refer to the rightmost object. Which word would you use, 'circle' or 'green'?","Imagine you are talking to someone and you want to refer to the leftmost object. 
Your job is to decide what utterance to use. The objects might be arranged differently for the other person, so please do not use degenerate spatial locations and the label. The target image is highlighted by a dashed red box that only you can see.
What will you say?",Imagine someone is talking to you and uses the word 'circle' to refer to one of the objects. Which object do you think they are talking about?,Imagine someone is talking to you and uses the word 'green' to refer to one of the objects. Which object do you think they are talking about?,Blue circle.,2,yes,yes,,green,no,wrong_imagecond5_014.jpeg,cond5,spotted,green,striped,blue,pattern,color,2,1,2,middle,triangle,blue,spotted,triangle,green,spotted,triangle,blue,striped,"Imagine you are talking to someone and you want to refer to the middle object. Which word would you use, 'spotted' or 'green'?","Imagine you are talking to someone and you want to refer to the leftmost object. 
Your job is to decide what utterance to use. The objects might be arranged differently for the other person, so please do not use degenerate spatial locations and the label. The target image is highlighted by a dashed red box that only you can see.
What will you say?",Imagine someone is talking to you and uses the word 'spotted' to refer to one of the objects. Which object do you think they are talking about?,Imagine someone is talking to you and uses the word 'green' to refer to one of the objects. Which object do you think they are talking about?,Green,1,,yes,,green,yes,cond5_015.jpeg,cond5,circle,striped,square,spotted,shape,pattern,2,1,3,rightmost,square,red,spotted,circle,red,spotted,circle,red,striped,"Imagine you are talking to someone and you want to refer to the rightmost object. Which word would you use, 'circle' or 'striped'?","Imagine you are talking to someone and you want to refer to the leftmost object. 
Your job is to decide what utterance to use. The objects might be arranged differently for the other person, so please do not use degenerate spatial locations and the label. The target image is highlighted by a dashed red box that only you can see.
What will you say?",Imagine someone is talking to you and uses the word 'circle' to refer to one of the objects. Which object do you think they are talking about?,Imagine someone is talking to you and uses the word 'striped' to refer to one of the objects. Which object do you think they are talking about?,stripes,1,,,yes,striped,yes,cond5_016.jpeg,cond5,green,square,blue,circle,color,shape,2,1,2,middle,circle,blue,checked,square,green,checked,circle,green,checked,"Imagine you are talking to someone and you want to refer to the middle object. Which word would you use, 'green' or 'square'?","Imagine you are talking to someone and you want to refer to the leftmost object. 
Your job is to decide what utterance to use. The objects might be arranged differently for the other person, so please do not use degenerate spatial locations and the label. The target image is highlighted by a dashed red box that only you can see.
What will you say?",Imagine someone is talking to you and uses the word 'green' to refer to one of the objects. Which object do you think they are talking about?,Imagine someone is talking to you and uses the word 'square' to refer to one of the objects. Which object do you think they are talking about?,square,1,yes,,,square,yes,cond5_017.jpeg,cond5,square,blue,circle,green,shape,color,2,1,1,leftmost,square,blue,checked,square,green,checked,circle,green,checked,"Imagine you are talking to someone and you want to refer to the leftmost object. Which word would you use, 'square' or 'blue'?","Imagine you are talking to someone and you want to refer to the leftmost object. 
Your job is to decide what utterance to use. The objects might be arranged differently for the other person, so please do not use degenerate spatial locations and the label. The target image is highlighted by a dashed red box that only you can see.
What will you say?",Imagine someone is talking to you and uses the word 'square' to refer to one of the objects. Which object do you think they are talking about?,Imagine someone is talking to you and uses the word 'blue' to refer to one of the objects. Which object do you think they are talking about?,Blue,1,,yes,,blue,yes,cond5_018.jpeg,cond5,green,circle,blue,square,color,shape,2,1,3,rightmost,square,blue,checked,square,green,checked,circle,green,checked,"Imagine you are talking to someone and you want to refer to the rightmost object. Which word would you use, 'green' or 'circle'?","Imagine you are talking to someone and you want to refer to the leftmost object. 
Your job is to decide what utterance to use. The objects might be arranged differently for the other person, so please do not use degenerate spatial locations and the label. The target image is highlighted by a dashed red box that only you can see.
What will you say?",Imagine someone is talking to you and uses the word 'green' to refer to one of the objects. Which object do you think they are talking about?,Imagine someone is talking to you and uses the word 'circle' to refer to one of the objects. Which object do you think they are talking about?,Round,1,yes,,,circle,yes,cond5_019.jpeg,cond5,green,square,blue,circle,color,shape,2,1,2,middle,circle,green,checked,square,green,checked,circle,blue,checked,"Imagine you are talking to someone and you want to refer to the middle object. Which word would you use, 'green' or 'square'?","Imagine you are talking to someone and you want to refer to the leftmost object. 
Your job is to decide what utterance to use. The objects might be arranged differently for the other person, so please do not use degenerate spatial locations and the label. The target image is highlighted by a dashed red box that only you can see.
What will you say?",Imagine someone is talking to you and uses the word 'green' to refer to one of the objects. Which object do you think they are talking about?,Imagine someone is talking to you and uses the word 'square' to refer to one of the objects. Which object do you think they are talking about?,square,1,yes,,,square,yes,cond5_020.jpeg,cond5,green,square,blue,circle,color,shape,2,1,3,rightmost,circle,blue,checked,circle,green,checked,square,green,checked,"Imagine you are talking to someone and you want to refer to the rightmost object. Which word would you use, 'green' or 'square'?","Imagine you are talking to someone and you want to refer to the leftmost object. 
Your job is to decide what utterance to use. The objects might be arranged differently for the other person, so please do not use degenerate spatial locations and the label. The target image is highlighted by a dashed red box that only you can see.
What will you say?",Imagine someone is talking to you and uses the word 'green' to refer to one of the objects. Which object do you think they are talking about?,Imagine someone is talking to you and uses the word 'square' to refer to one of the objects. Which object do you think they are talking about?,blue,1,,yes,,square,no,wrong_imagecond5_021.jpeg,cond5,green,circle,blue,square,color,shape,2,1,1,leftmost,circle,green,checked,square,blue,checked,square,green,checked,"Imagine you are talking to someone and you want to refer to the leftmost object. Which word would you use, 'green' or 'circle'?","Imagine you are talking to someone and you want to refer to the leftmost object. 
Your job is to decide what utterance to use. The objects might be arranged differently for the other person, so please do not use degenerate spatial locations and the label. The target image is highlighted by a dashed red box that only you can see.
What will you say?",Imagine someone is talking to you and uses the word 'green' to refer to one of the objects. Which object do you think they are talking about?,Imagine someone is talking to you and uses the word 'circle' to refer to one of the objects. Which object do you think they are talking about?,Circle.,1,yes,,,circle,yes,cond5_022.jpeg,cond5,square,green,circle,blue,shape,color,2,1,2,middle,square,blue,checked,square,green,checked,circle,blue,checked,"Imagine you are talking to someone and you want to refer to the middle object. Which word would you use, 'square' or 'green'?","Imagine you are talking to someone and you want to refer to the leftmost object. 
Your job is to decide what utterance to use. The objects might be arranged differently for the other person, so please do not use degenerate spatial locations and the label. The target image is highlighted by a dashed red box that only you can see.
What will you say?",Imagine someone is talking to you and uses the word 'square' to refer to one of the objects. Which object do you think they are talking about?,Imagine someone is talking to you and uses the word 'green' to refer to one of the objects. Which object do you think they are talking about?,Green,1,,yes,,green,yes,cond5_023.jpeg,cond5,circle,spotted,square,striped,shape,pattern,2,1,2,middle,square,red,striped,circle,red,spotted,circle,red,striped,"Imagine you are talking to someone and you want to refer to the middle object. Which word would you use, 'circle' or 'spotted'?","Imagine you are talking to someone and you want to refer to the leftmost object. 
Your job is to decide what utterance to use. The objects might be arranged differently for the other person, so please do not use degenerate spatial locations and the label. The target image is highlighted by a dashed red box that only you can see.
What will you say?",Imagine someone is talking to you and uses the word 'circle' to refer to one of the objects. Which object do you think they are talking about?,Imagine someone is talking to you and uses the word 'spotted' to refer to one of the objects. Which object do you think they are talking about?,Dots.,1,,,yes,spotted,yes,cond5_024.jpeg,cond5,spotted,square,striped,circle,pattern,shape,2,1,3,rightmost,circle,red,striped,circle,red,spotted,square,red,spotted,"Imagine you are talking to someone and you want to refer to the rightmost object. Which word would you use, 'spotted' or 'square'?","Imagine you are talking to someone and you want to refer to the leftmost object. 
Your job is to decide what utterance to use. The objects might be arranged differently for the other person, so please do not use degenerate spatial locations and the label. The target image is highlighted by a dashed red box that only you can see.
What will you say?",Imagine someone is talking to you and uses the word 'spotted' to refer to one of the objects. Which object do you think they are talking about?,Imagine someone is talking to you and uses the word 'square' to refer to one of the objects. Which object do you think they are talking about?,Stripes,1,,,yes,square,no,wrong_imagecond5_025.jpeg,cond5,green,striped,blue,spotted,color,pattern,2,1,3,rightmost,triangle,blue,spotted,triangle,green,spotted,triangle,green,striped,"Imagine you are talking to someone and you want to refer to the rightmost object. Which word would you use, 'green' or 'striped'?","Imagine you are talking to someone and you want to refer to the leftmost object. 
Your job is to decide what utterance to use. The objects might be arranged differently for the other person, so please do not use degenerate spatial locations and the label. The target image is highlighted by a dashed red box that only you can see.
What will you say?",Imagine someone is talking to you and uses the word 'green' to refer to one of the objects. Which object do you think they are talking about?,Imagine someone is talking to you and uses the word 'striped' to refer to one of the objects. Which object do you think they are talking about?,Striped,1,,,yes,striped,yes,cond5_026.jpeg,cond5,blue,striped,green,spotted,color,pattern,2,1,2,middle,triangle,blue,spotted,triangle,blue,striped,triangle,green,spotted,"Imagine you are talking to someone and you want to refer to the middle object. Which word would you use, 'blue' or 'striped'?","Imagine you are talking to someone and you want to refer to the leftmost object. 
Your job is to decide what utterance to use. The objects might be arranged differently for the other person, so please do not use degenerate spatial locations and the label. The target image is highlighted by a dashed red box that only you can see.
What will you say?",Imagine someone is talking to you and uses the word 'blue' to refer to one of the objects. Which object do you think they are talking about?,Imagine someone is talking to you and uses the word 'striped' to refer to one of the objects. Which object do you think they are talking about?,Stripes.,1,,,yes,striped,yes,cond5_027.jpeg,cond5,green,square,blue,circle,color,shape,2,1,3,rightmost,circle,green,checked,circle,blue,checked,square,green,checked,"Imagine you are talking to someone and you want to refer to the rightmost object. Which word would you use, 'green' or 'square'?","Imagine you are talking to someone and you want to refer to the leftmost object. 
Your job is to decide what utterance to use. The objects might be arranged differently for the other person, so please do not use degenerate spatial locations and the label. The target image is highlighted by a dashed red box that only you can see.
What will you say?",Imagine someone is talking to you and uses the word 'green' to refer to one of the objects. Which object do you think they are talking about?,Imagine someone is talking to you and uses the word 'square' to refer to one of the objects. Which object do you think they are talking about?,square,1,yes,,,square,yes,cond5_028.jpeg,cond5,striped,circle,spotted,square,pattern,shape,2,1,2,middle,square,red,spotted,circle,red,striped,square,red,striped,"Imagine you are talking to someone and you want to refer to the middle object. Which word would you use, 'striped' or 'circle'?","Imagine you are talking to someone and you want to refer to the leftmost object. 
Your job is to decide what utterance to use. The objects might be arranged differently for the other person, so please do not use degenerate spatial locations and the label. The target image is highlighted by a dashed red box that only you can see.
What will you say?",Imagine someone is talking to you and uses the word 'striped' to refer to one of the objects. Which object do you think they are talking about?,Imagine someone is talking to you and uses the word 'circle' to refer to one of the objects. Which object do you think they are talking about?,circle,1,yes,,,circle,yes,cond5_029.jpeg,cond5,blue,square,green,circle,color,shape,2,1,3,rightmost,circle,blue,checked,circle,green,checked,square,blue,checked,"Imagine you are talking to someone and you want to refer to the rightmost object. Which word would you use, 'blue' or 'square'?","Imagine you are talking to someone and you want to refer to the leftmost object. 
Your job is to decide what utterance to use. The objects might be arranged differently for the other person, so please do not use degenerate spatial locations and the label. The target image is highlighted by a dashed red box that only you can see.
What will you say?",Imagine someone is talking to you and uses the word 'blue' to refer to one of the objects. Which object do you think they are talking about?,Imagine someone is talking to you and uses the word 'square' to refer to one of the objects. Which object do you think they are talking about?,Square,1,yes,,,square,yes,cond5_030.jpeg,cond5,striped,green,spotted,blue,pattern,color,2,1,2,middle,triangle,blue,spotted,triangle,green,striped,triangle,blue,striped,"Imagine you are talking to someone and you want to refer to the middle object. Which word would you use, 'striped' or 'green'?","Imagine you are talking to someone and you want to refer to the leftmost object. 
Your job is to decide what utterance to use. The objects might be arranged differently for the other person, so please do not use degenerate spatial locations and the label. The target image is highlighted by a dashed red box that only you can see.
What will you say?",Imagine someone is talking to you and uses the word 'striped' to refer to one of the objects. Which object do you think they are talking about?,Imagine someone is talking to you and uses the word 'green' to refer to one of the objects. Which object do you think they are talking about?,Green.,1,,yes,,green,yes,cond5_031.jpeg,cond5,striped,square,spotted,circle,pattern,shape,2,1,1,leftmost,square,red,striped,circle,red,striped,circle,red,spotted,"Imagine you are talking to someone and you want to refer to the leftmost object. Which word would you use, 'striped' or 'square'?","Imagine you are talking to someone and you want to refer to the leftmost object. 
Your job is to decide what utterance to use. The objects might be arranged differently for the other person, so please do not use degenerate spatial locations and the label. The target image is highlighted by a dashed red box that only you can see.
What will you say?",Imagine someone is talking to you and uses the word 'striped' to refer to one of the objects. Which object do you think they are talking about?,Imagine someone is talking to you and uses the word 'square' to refer to one of the objects. Which object do you think they are talking about?,Square.,1,yes,,,square,yes,cond5_032.jpeg,cond5,circle,striped,square,spotted,shape,pattern,2,1,1,leftmost,circle,red,striped,circle,red,spotted,square,red,spotted,"Imagine you are talking to someone and you want to refer to the leftmost object. Which word would you use, 'circle' or 'striped'?","Imagine you are talking to someone and you want to refer to the leftmost object. 
Your job is to decide what utterance to use. The objects might be arranged differently for the other person, so please do not use degenerate spatial locations and the label. The target image is highlighted by a dashed red box that only you can see.
What will you say?",Imagine someone is talking to you and uses the word 'circle' to refer to one of the objects. Which object do you think they are talking about?,Imagine someone is talking to you and uses the word 'striped' to refer to one of the objects. Which object do you think they are talking about?,Stripes.,1,,,yes,striped,yes,cond5_033.jpeg,cond5,square,spotted,circle,striped,shape,pattern,2,1,3,rightmost,circle,red,striped,square,red,striped,square,red,spotted,"Imagine you are talking to someone and you want to refer to the rightmost object. Which word would you use, 'square' or 'spotted'?","Imagine you are talking to someone and you want to refer to the leftmost object. 
Your job is to decide what utterance to use. The objects might be arranged differently for the other person, so please do not use degenerate spatial locations and the label. The target image is highlighted by a dashed red box that only you can see.
What will you say?",Imagine someone is talking to you and uses the word 'square' to refer to one of the objects. Which object do you think they are talking about?,Imagine someone is talking to you and uses the word 'spotted' to refer to one of the objects. Which object do you think they are talking about?,circle,1,yes,,,spotted,no,wrong_imagecond5_034.jpeg,cond5,square,striped,circle,spotted,shape,pattern,2,1,2,middle,square,red,spotted,square,red,striped,circle,red,spotted,"Imagine you are talking to someone and you want to refer to the middle object. Which word would you use, 'square' or 'striped'?","Imagine you are talking to someone and you want to refer to the leftmost object. 
Your job is to decide what utterance to use. The objects might be arranged differently for the other person, so please do not use degenerate spatial locations and the label. The target image is highlighted by a dashed red box that only you can see.
What will you say?",Imagine someone is talking to you and uses the word 'square' to refer to one of the objects. Which object do you think they are talking about?,Imagine someone is talking to you and uses the word 'striped' to refer to one of the objects. Which object do you think they are talking about?,Solid square,1,yes,,,striped,no,ambiguous?cond5_035.jpeg,cond5,blue,spotted,green,striped,color,pattern,2,1,3,rightmost,triangle,green,striped,triangle,blue,striped,triangle,blue,spotted,"Imagine you are talking to someone and you want to refer to the rightmost object. Which word would you use, 'blue' or 'spotted'?","Imagine you are talking to someone and you want to refer to the leftmost object. 
Your job is to decide what utterance to use. The objects might be arranged differently for the other person, so please do not use degenerate spatial locations and the label. The target image is highlighted by a dashed red box that only you can see.
What will you say?",Imagine someone is talking to you and uses the word 'blue' to refer to one of the objects. Which object do you think they are talking about?,Imagine someone is talking to you and uses the word 'spotted' to refer to one of the objects. Which object do you think they are talking about?,Dots.,1,,,yes,spotted,yes,cond5_036.jpeg,cond5,square,spotted,circle,striped,shape,pattern,2,1,2,middle,circle,red,striped,square,red,spotted,square,red,striped,"Imagine you are talking to someone and you want to refer to the middle object. Which word would you use, 'square' or 'spotted'?","Imagine you are talking to someone and you want to refer to the leftmost object. 
Your job is to decide what utterance to use. The objects might be arranged differently for the other person, so please do not use degenerate spatial locations and the label. The target image is highlighted by a dashed red box that only you can see.
What will you say?",Imagine someone is talking to you and uses the word 'square' to refer to one of the objects. Which object do you think they are talking about?,Imagine someone is talking to you and uses the word 'spotted' to refer to one of the objects. Which object do you think they are talking about?,Circle.,1,yes,,,spotted,no,wrong_imagecond5_037.jpeg,cond5,circle,striped,square,spotted,shape,pattern,2,1,2,middle,circle,red,spotted,circle,red,striped,square,red,spotted,"Imagine you are talking to someone and you want to refer to the middle object. Which word would you use, 'circle' or 'striped'?","Imagine you are talking to someone and you want to refer to the leftmost object. 
Your job is to decide what utterance to use. The objects might be arranged differently for the other person, so please do not use degenerate spatial locations and the label. The target image is highlighted by a dashed red box that only you can see.
What will you say?",Imagine someone is talking to you and uses the word 'circle' to refer to one of the objects. Which object do you think they are talking about?,Imagine someone is talking to you and uses the word 'striped' to refer to one of the objects. Which object do you think they are talking about?,Stripes.,1,,,yes,striped,yes,cond5_038.jpeg,cond5,circle,blue,square,green,shape,color,2,1,3,rightmost,circle,green,checked,square,green,checked,circle,blue,checked,"Imagine you are talking to someone and you want to refer to the rightmost object. Which word would you use, 'circle' or 'blue'?","Imagine you are talking to someone and you want to refer to the leftmost object. 
Your job is to decide what utterance to use. The objects might be arranged differently for the other person, so please do not use degenerate spatial locations and the label. The target image is highlighted by a dashed red box that only you can see.
What will you say?",Imagine someone is talking to you and uses the word 'circle' to refer to one of the objects. Which object do you think they are talking about?,Imagine someone is talking to you and uses the word 'blue' to refer to one of the objects. Which object do you think they are talking about?,Green circle.,2,yes,yes,,blue,no,wrong_imagecond5_039.jpeg,cond5,blue,striped,green,spotted,color,pattern,2,1,3,rightmost,triangle,blue,spotted,triangle,green,spotted,triangle,blue,striped,"Imagine you are talking to someone and you want to refer to the rightmost object. Which word would you use, 'blue' or 'striped'?","Imagine you are talking to someone and you want to refer to the leftmost object. 
Your job is to decide what utterance to use. The objects might be arranged differently for the other person, so please do not use degenerate spatial locations and the label. The target image is highlighted by a dashed red box that only you can see.
What will you say?",Imagine someone is talking to you and uses the word 'blue' to refer to one of the objects. Which object do you think they are talking about?,Imagine someone is talking to you and uses the word 'striped' to refer to one of the objects. Which object do you think they are talking about?,Stripes,1,,,yes,striped,yes,cond5_040.jpeg,cond5,spotted,circle,striped,square,pattern,shape,2,1,3,rightmost,square,red,striped,square,red,spotted,circle,red,spotted,"Imagine you are talking to someone and you want to refer to the rightmost object. Which word would you use, 'spotted' or 'circle'?","Imagine you are talking to someone and you want to refer to the leftmost object. 
Your job is to decide what utterance to use. The objects might be arranged differently for the other person, so please do not use degenerate spatial locations and the label. The target image is highlighted by a dashed red box that only you can see.
What will you say?",Imagine someone is talking to you and uses the word 'spotted' to refer to one of the objects. Which object do you think they are talking about?,Imagine someone is talking to you and uses the word 'circle' to refer to one of the objects. Which object do you think they are talking about?,Lines,1,,,yes,circle,no,wrong_imagecond5_041.jpeg,cond5,striped,square,spotted,circle,pattern,shape,2,1,2,middle,circle,red,striped,square,red,striped,circle,red,spotted,"Imagine you are talking to someone and you want to refer to the middle object. Which word would you use, 'striped' or 'square'?","Imagine you are talking to someone and you want to refer to the leftmost object. 
Your job is to decide what utterance to use. The objects might be arranged differently for the other person, so please do not use degenerate spatial locations and the label. The target image is highlighted by a dashed red box that only you can see.
What will you say?",Imagine someone is talking to you and uses the word 'striped' to refer to one of the objects. Which object do you think they are talking about?,Imagine someone is talking to you and uses the word 'square' to refer to one of the objects. Which object do you think they are talking about?,square,1,yes,,,square,yes,cond5_042.jpeg,cond5,striped,square,spotted,circle,pattern,shape,2,1,1,leftmost,square,red,striped,circle,red,spotted,circle,red,striped,"Imagine you are talking to someone and you want to refer to the leftmost object. Which word would you use, 'striped' or 'square'?","Imagine you are talking to someone and you want to refer to the leftmost object. 
Your job is to decide what utterance to use. The objects might be arranged differently for the other person, so please do not use degenerate spatial locations and the label. The target image is highlighted by a dashed red box that only you can see.
What will you say?",Imagine someone is talking to you and uses the word 'striped' to refer to one of the objects. Which object do you think they are talking about?,Imagine someone is talking to you and uses the word 'square' to refer to one of the objects. Which object do you think they are talking about?,Square.,1,yes,,,square,yes,cond5_043.jpeg,cond5,blue,striped,green,spotted,color,pattern,2,1,1,leftmost,triangle,blue,striped,triangle,green,spotted,triangle,blue,spotted,"Imagine you are talking to someone and you want to refer to the leftmost object. Which word would you use, 'blue' or 'striped'?","Imagine you are talking to someone and you want to refer to the leftmost object. 
Your job is to decide what utterance to use. The objects might be arranged differently for the other person, so please do not use degenerate spatial locations and the label. The target image is highlighted by a dashed red box that only you can see.
What will you say?",Imagine someone is talking to you and uses the word 'blue' to refer to one of the objects. Which object do you think they are talking about?,Imagine someone is talking to you and uses the word 'striped' to refer to one of the objects. Which object do you think they are talking about?,Lined,1,,,yes,striped,yes,cond5_044.jpeg,cond5,green,spotted,blue,striped,color,pattern,2,1,2,middle,triangle,green,striped,triangle,green,spotted,triangle,blue,striped,"Imagine you are talking to someone and you want to refer to the middle object. Which word would you use, 'green' or 'spotted'?","Imagine you are talking to someone and you want to refer to the leftmost object. 
Your job is to decide what utterance to use. The objects might be arranged differently for the other person, so please do not use degenerate spatial locations and the label. The target image is highlighted by a dashed red box that only you can see.
What will you say?",Imagine someone is talking to you and uses the word 'green' to refer to one of the objects. Which object do you think they are talking about?,Imagine someone is talking to you and uses the word 'spotted' to refer to one of the objects. Which object do you think they are talking about?,Dotted.,1,,,yes,spotted,yes,cond5_045.jpeg,cond5,circle,striped,square,spotted,shape,pattern,2,1,1,leftmost,circle,red,striped,square,red,spotted,circle,red,spotted,"Imagine you are talking to someone and you want to refer to the leftmost object. Which word would you use, 'circle' or 'striped'?","Imagine you are talking to someone and you want to refer to the leftmost object. 
Your job is to decide what utterance to use. The objects might be arranged differently for the other person, so please do not use degenerate spatial locations and the label. The target image is highlighted by a dashed red box that only you can see.
What will you say?",Imagine someone is talking to you and uses the word 'circle' to refer to one of the objects. Which object do you think they are talking about?,Imagine someone is talking to you and uses the word 'striped' to refer to one of the objects. Which object do you think they are talking about?,Stripes.,1,,,yes,striped,yes,cond5_046.jpeg,cond5,spotted,circle,striped,square,pattern,shape,2,1,2,middle,square,red,spotted,circle,red,spotted,square,red,striped,"Imagine you are talking to someone and you want to refer to the middle object. Which word would you use, 'spotted' or 'circle'?","Imagine you are talking to someone and you want to refer to the leftmost object. 
Your job is to decide what utterance to use. The objects might be arranged differently for the other person, so please do not use degenerate spatial locations and the label. The target image is highlighted by a dashed red box that only you can see.
What will you say?",Imagine someone is talking to you and uses the word 'spotted' to refer to one of the objects. Which object do you think they are talking about?,Imagine someone is talking to you and uses the word 'circle' to refer to one of the objects. Which object do you think they are talking about?,Circle.,1,yes,,,circle,yes,cond5_047.jpeg,cond5,spotted,square,striped,circle,pattern,shape,2,1,2,middle,circle,red,spotted,square,red,spotted,circle,red,striped,"Imagine you are talking to someone and you want to refer to the middle object. Which word would you use, 'spotted' or 'square'?","Imagine you are talking to someone and you want to refer to the leftmost object. 
Your job is to decide what utterance to use. The objects might be arranged differently for the other person, so please do not use degenerate spatial locations and the label. The target image is highlighted by a dashed red box that only you can see.
What will you say?",Imagine someone is talking to you and uses the word 'spotted' to refer to one of the objects. Which object do you think they are talking about?,Imagine someone is talking to you and uses the word 'square' to refer to one of the objects. Which object do you think they are talking about?,Square.,1,yes,,,square,yes,cond5_048.jpeg,cond5,striped,square,spotted,circle,pattern,shape,2,1,3,rightmost,circle,red,spotted,circle,red,striped,square,red,striped,"Imagine you are talking to someone and you want to refer to the rightmost object. Which word would you use, 'striped' or 'square'?","Imagine you are talking to someone and you want to refer to the leftmost object. 
Your job is to decide what utterance to use. The objects might be arranged differently for the other person, so please do not use degenerate spatial locations and the label. The target image is highlighted by a dashed red box that only you can see.
What will you say?",Imagine someone is talking to you and uses the word 'striped' to refer to one of the objects. Which object do you think they are talking about?,Imagine someone is talking to you and uses the word 'square' to refer to one of the objects. Which object do you think they are talking about?,Dots.,1,,,yes,square,no,wrong_imagecond5_049.jpeg,cond5,spotted,blue,striped,green,pattern,color,2,1,1,leftmost,triangle,blue,spotted,triangle,green,spotted,triangle,green,striped,"Imagine you are talking to someone and you want to refer to the leftmost object. Which word would you use, 'spotted' or 'blue'?","Imagine you are talking to someone and you want to refer to the leftmost object. 
Your job is to decide what utterance to use. The objects might be arranged differently for the other person, so please do not use degenerate spatial locations and the label. The target image is highlighted by a dashed red box that only you can see.
What will you say?",Imagine someone is talking to you and uses the word 'spotted' to refer to one of the objects. Which object do you think they are talking about?,Imagine someone is talking to you and uses the word 'blue' to refer to one of the objects. Which object do you think they are talking about?,Blue.,1,,yes,,blue,yes,cond5_050.jpeg,cond5,striped,blue,spotted,green,pattern,color,2,1,3,rightmost,triangle,green,spotted,triangle,green,striped,triangle,blue,striped,"Imagine you are talking to someone and you want to refer to the rightmost object. Which word would you use, 'striped' or 'blue'?","Imagine you are talking to someone and you want to refer to the leftmost object. 
Your job is to decide what utterance to use. The objects might be arranged differently for the other person, so please do not use degenerate spatial locations and the label. The target image is highlighted by a dashed red box that only you can see.
What will you say?",Imagine someone is talking to you and uses the word 'striped' to refer to one of the objects. Which object do you think they are talking about?,Imagine someone is talking to you and uses the word 'blue' to refer to one of the objects. Which object do you think they are talking about?,Blue.,1,,yes,,blue,yes,