image_file,condition,adj1,adj2,adj1not,adj2not,feature1,feature2,num_objs1,num_objs2,position,position_word,obj1shape,obj1color,obj1pattern,obj2shape,obj2color,obj2pattern,obj3shape,obj3color,obj3pattern,question_speaker,question_free_speaker,question_listener_1,question_listener_2,speaker_answer,answer1,answer2
cond4_001.jpeg,cond4,green,spotted,blue,striped,color,pattern,2,2,2,middle,triangle,blue,striped,triangle,green,spotted,triangle,green,spotted,"Imagine you are talking to someone and you want to refer to the middle object. Which word would you use, 'green' or 'spotted'?",Imagine you are talking to someone and you want to refer to the middle object. What will you say?,Imagine someone is talking to you and uses the word 'green' to refer to one of the objects. Which object do you think they are talking about?,Imagine someone is talking to you and uses the word 'spotted' to refer to one of the objects. Which object do you think they are talking about?,"Green': $0  
'Spotted': $100",0,100
cond4_002.jpeg,cond4_diff,spotted,green,striped,blue,pattern,color,2,2_diff,2,middle,triangle,green,striped,triangle,green,spotted,triangle,blue,spotted,"Imagine you are talking to someone and you want to refer to the middle object. Which word would you use, 'spotted' or 'green'?",Imagine you are talking to someone and you want to refer to the middle object. What will you say?,Imagine someone is talking to you and uses the word 'spotted' to refer to one of the objects. Which object do you think they are talking about?,Imagine someone is talking to you and uses the word 'green' to refer to one of the objects. Which object do you think they are talking about?,"Bet: 'green' 60, 'spotted' 40",40,60
cond4_003.jpeg,cond4,square,spotted,circle,striped,shape,pattern,2,2,2,middle,square,red,spotted,square,red,spotted,circle,red,striped,"Imagine you are talking to someone and you want to refer to the middle object. Which word would you use, 'square' or 'spotted'?",Imagine you are talking to someone and you want to refer to the middle object. What will you say?,Imagine someone is talking to you and uses the word 'square' to refer to one of the objects. Which object do you think they are talking about?,Imagine someone is talking to you and uses the word 'spotted' to refer to one of the objects. Which object do you think they are talking about?,"'spotted': 40  
'square': 60",60,40
cond4_004.jpeg,cond4_diff,circle,striped,square,spotted,shape,pattern,2,2_diff,2,middle,square,red,striped,circle,red,striped,circle,red,spotted,"Imagine you are talking to someone and you want to refer to the middle object. Which word would you use, 'circle' or 'striped'?",Imagine you are talking to someone and you want to refer to the middle object. What will you say?,Imagine someone is talking to you and uses the word 'circle' to refer to one of the objects. Which object do you think they are talking about?,Imagine someone is talking to you and uses the word 'striped' to refer to one of the objects. Which object do you think they are talking about?,"$30 on ""circle"", $70 on ""striped""",30,70
cond4_005.jpeg,cond4,blue,circle,green,square,color,shape,2,2,2,middle,square,green,checked,circle,blue,checked,circle,blue,checked,"Imagine you are talking to someone and you want to refer to the middle object. Which word would you use, 'blue' or 'circle'?",Imagine you are talking to someone and you want to refer to the middle object. What will you say?,Imagine someone is talking to you and uses the word 'blue' to refer to one of the objects. Which object do you think they are talking about?,Imagine someone is talking to you and uses the word 'circle' to refer to one of the objects. Which object do you think they are talking about?,"'Circle': $60  
'Blue': $40",40,60
cond4_006.jpeg,cond4,green,circle,blue,square,color,shape,2,2,3,rightmost,circle,green,checked,square,blue,checked,circle,green,checked,"Imagine you are talking to someone and you want to refer to the rightmost object. Which word would you use, 'green' or 'circle'?",Imagine you are talking to someone and you want to refer to the rightmost object. What will you say?,Imagine someone is talking to you and uses the word 'green' to refer to one of the objects. Which object do you think they are talking about?,Imagine someone is talking to you and uses the word 'circle' to refer to one of the objects. Which object do you think they are talking about?,"'circle': 60  
'green': 40",40,60
cond4_007.jpeg,cond4_diff,spotted,square,striped,circle,pattern,shape,2,2_diff,2,middle,square,red,striped,square,red,spotted,circle,red,spotted,"Imagine you are talking to someone and you want to refer to the middle object. Which word would you use, 'spotted' or 'square'?",Imagine you are talking to someone and you want to refer to the middle object. What will you say?,Imagine someone is talking to you and uses the word 'spotted' to refer to one of the objects. Which object do you think they are talking about?,Imagine someone is talking to you and uses the word 'square' to refer to one of the objects. Which object do you think they are talking about?,"Bet: 
'spotted' - 50
'square' - 50",50,50
cond4_008.jpeg,cond4_diff,square,green,circle,blue,shape,color,2,2_diff,3,rightmost,square,blue,checked,circle,green,checked,square,green,checked,"Imagine you are talking to someone and you want to refer to the rightmost object. Which word would you use, 'square' or 'green'?",Imagine you are talking to someone and you want to refer to the rightmost object. What will you say?,Imagine someone is talking to you and uses the word 'square' to refer to one of the objects. Which object do you think they are talking about?,Imagine someone is talking to you and uses the word 'green' to refer to one of the objects. Which object do you think they are talking about?,"'Green': 90  
'Square': 10",10,90
cond4_009.jpeg,cond4,square,striped,circle,spotted,shape,pattern,2,2,3,rightmost,circle,red,spotted,square,red,striped,square,red,striped,"Imagine you are talking to someone and you want to refer to the rightmost object. Which word would you use, 'square' or 'striped'?",Imagine you are talking to someone and you want to refer to the rightmost object. What will you say?,Imagine someone is talking to you and uses the word 'square' to refer to one of the objects. Which object do you think they are talking about?,Imagine someone is talking to you and uses the word 'striped' to refer to one of the objects. Which object do you think they are talking about?,"'striped': $80  
'square': $20",20,80
cond4_010.jpeg,cond4_diff,spotted,green,striped,blue,pattern,color,2,2_diff,2,middle,triangle,green,striped,triangle,green,spotted,triangle,blue,spotted,"Imagine you are talking to someone and you want to refer to the middle object. Which word would you use, 'spotted' or 'green'?",Imagine you are talking to someone and you want to refer to the middle object. What will you say?,Imagine someone is talking to you and uses the word 'spotted' to refer to one of the objects. Which object do you think they are talking about?,Imagine someone is talking to you and uses the word 'green' to refer to one of the objects. Which object do you think they are talking about?,"'Spotted': 30  
'Green': 70",30,70
cond4_011.jpeg,cond4_diff,blue,square,green,circle,color,shape,2,2_diff,3,rightmost,square,green,checked,circle,blue,checked,square,blue,checked,"Imagine you are talking to someone and you want to refer to the rightmost object. Which word would you use, 'blue' or 'square'?",Imagine you are talking to someone and you want to refer to the rightmost object. What will you say?,Imagine someone is talking to you and uses the word 'blue' to refer to one of the objects. Which object do you think they are talking about?,Imagine someone is talking to you and uses the word 'square' to refer to one of the objects. Which object do you think they are talking about?,"'blue': 40  
'square': 60",40,60
cond4_012.jpeg,cond4,striped,square,spotted,circle,pattern,shape,2,2,1,leftmost,square,red,striped,circle,red,spotted,square,red,striped,"Imagine you are talking to someone and you want to refer to the leftmost object. Which word would you use, 'striped' or 'square'?",Imagine you are talking to someone and you want to refer to the leftmost object. What will you say?,Imagine someone is talking to you and uses the word 'striped' to refer to one of the objects. Which object do you think they are talking about?,Imagine someone is talking to you and uses the word 'square' to refer to one of the objects. Which object do you think they are talking about?,"'Striped': $50  
'Square': $50",50,50
cond4_013.jpeg,cond4,spotted,square,striped,circle,pattern,shape,2,2,1,leftmost,square,red,spotted,circle,red,striped,square,red,spotted,"Imagine you are talking to someone and you want to refer to the leftmost object. Which word would you use, 'spotted' or 'square'?",Imagine you are talking to someone and you want to refer to the leftmost object. What will you say?,Imagine someone is talking to you and uses the word 'spotted' to refer to one of the objects. Which object do you think they are talking about?,Imagine someone is talking to you and uses the word 'square' to refer to one of the objects. Which object do you think they are talking about?,"'spotted': 50, 'square': 50",50,50
cond4_014.jpeg,cond4,striped,green,spotted,blue,pattern,color,2,2,3,rightmost,triangle,green,striped,triangle,blue,spotted,triangle,green,striped,"Imagine you are talking to someone and you want to refer to the rightmost object. Which word would you use, 'striped' or 'green'?",Imagine you are talking to someone and you want to refer to the rightmost object. What will you say?,Imagine someone is talking to you and uses the word 'striped' to refer to one of the objects. Which object do you think they are talking about?,Imagine someone is talking to you and uses the word 'green' to refer to one of the objects. Which object do you think they are talking about?,"'Striped': 50
'Green': 50",50,50
cond4_015.jpeg,cond4_diff,spotted,circle,striped,square,pattern,shape,2,2_diff,1,leftmost,circle,red,spotted,circle,red,striped,square,red,spotted,"Imagine you are talking to someone and you want to refer to the leftmost object. Which word would you use, 'spotted' or 'circle'?",Imagine you are talking to someone and you want to refer to the leftmost object. What will you say?,Imagine someone is talking to you and uses the word 'spotted' to refer to one of the objects. Which object do you think they are talking about?,Imagine someone is talking to you and uses the word 'circle' to refer to one of the objects. Which object do you think they are talking about?,"'Spotted': 70
'Circle': 30",70,30
cond4_016.jpeg,cond4,spotted,square,striped,circle,pattern,shape,2,2,2,middle,circle,red,striped,square,red,spotted,square,red,spotted,"Imagine you are talking to someone and you want to refer to the middle object. Which word would you use, 'spotted' or 'square'?",Imagine you are talking to someone and you want to refer to the middle object. What will you say?,Imagine someone is talking to you and uses the word 'spotted' to refer to one of the objects. Which object do you think they are talking about?,Imagine someone is talking to you and uses the word 'square' to refer to one of the objects. Which object do you think they are talking about?,"'square': 60
'spotted': 40",40,60
cond4_017.jpeg,cond4,green,square,blue,circle,color,shape,2,2,1,leftmost,square,green,checked,square,green,checked,circle,blue,checked,"Imagine you are talking to someone and you want to refer to the leftmost object. Which word would you use, 'green' or 'square'?",Imagine you are talking to someone and you want to refer to the leftmost object. What will you say?,Imagine someone is talking to you and uses the word 'green' to refer to one of the objects. Which object do you think they are talking about?,Imagine someone is talking to you and uses the word 'square' to refer to one of the objects. Which object do you think they are talking about?,"'green': $30  
'square': $70",30,70
cond4_018.jpeg,cond4,green,spotted,blue,striped,color,pattern,2,2,2,middle,triangle,green,spotted,triangle,green,spotted,triangle,blue,striped,"Imagine you are talking to someone and you want to refer to the middle object. Which word would you use, 'green' or 'spotted'?",Imagine you are talking to someone and you want to refer to the middle object. What will you say?,Imagine someone is talking to you and uses the word 'green' to refer to one of the objects. Which object do you think they are talking about?,Imagine someone is talking to you and uses the word 'spotted' to refer to one of the objects. Which object do you think they are talking about?,"'Green': 50  
'Spotted': 50",50,50
cond4_019.jpeg,cond4_diff,square,striped,circle,spotted,shape,pattern,2,2_diff,3,rightmost,circle,red,striped,square,red,spotted,square,red,striped,"Imagine you are talking to someone and you want to refer to the rightmost object. Which word would you use, 'square' or 'striped'?",Imagine you are talking to someone and you want to refer to the rightmost object. What will you say?,Imagine someone is talking to you and uses the word 'square' to refer to one of the objects. Which object do you think they are talking about?,Imagine someone is talking to you and uses the word 'striped' to refer to one of the objects. Which object do you think they are talking about?,"'striped': 60
'square': 40",40,60
cond4_020.jpeg,cond4,green,striped,blue,spotted,color,pattern,2,2,1,leftmost,triangle,green,striped,triangle,blue,spotted,triangle,green,striped,"Imagine you are talking to someone and you want to refer to the leftmost object. Which word would you use, 'green' or 'striped'?",Imagine you are talking to someone and you want to refer to the leftmost object. What will you say?,Imagine someone is talking to you and uses the word 'green' to refer to one of the objects. Which object do you think they are talking about?,Imagine someone is talking to you and uses the word 'striped' to refer to one of the objects. Which object do you think they are talking about?,"'Green': 0
'Striped': 0

I would bet $50 on 'green' and $50 on 'striped'. Both words apply to the leftmost object, but neither uniquely identifies it, since there is another green object and another striped object.",none,none
cond4_021.jpeg,cond4,green,circle,blue,square,color,shape,2,2,1,leftmost,circle,green,checked,circle,green,checked,square,blue,checked,"Imagine you are talking to someone and you want to refer to the leftmost object. Which word would you use, 'green' or 'circle'?",Imagine you are talking to someone and you want to refer to the leftmost object. What will you say?,Imagine someone is talking to you and uses the word 'green' to refer to one of the objects. Which object do you think they are talking about?,Imagine someone is talking to you and uses the word 'circle' to refer to one of the objects. Which object do you think they are talking about?,"'Circle': 60  
'Green': 40",40,60
cond4_022.jpeg,cond4_diff,blue,spotted,green,striped,color,pattern,2,2_diff,2,middle,triangle,blue,striped,triangle,blue,spotted,triangle,green,spotted,"Imagine you are talking to someone and you want to refer to the middle object. Which word would you use, 'blue' or 'spotted'?",Imagine you are talking to someone and you want to refer to the middle object. What will you say?,Imagine someone is talking to you and uses the word 'blue' to refer to one of the objects. Which object do you think they are talking about?,Imagine someone is talking to you and uses the word 'spotted' to refer to one of the objects. Which object do you think they are talking about?,"'Blue': 70  
'Spotted': 30",70,30
cond4_023.jpeg,cond4,square,green,circle,blue,shape,color,2,2,1,leftmost,square,green,checked,square,green,checked,circle,blue,checked,"Imagine you are talking to someone and you want to refer to the leftmost object. Which word would you use, 'square' or 'green'?",Imagine you are talking to someone and you want to refer to the leftmost object. What will you say?,Imagine someone is talking to you and uses the word 'square' to refer to one of the objects. Which object do you think they are talking about?,Imagine someone is talking to you and uses the word 'green' to refer to one of the objects. Which object do you think they are talking about?,"'square': $10  
'green': $90",10,90
cond4_024.jpeg,cond4,striped,green,spotted,blue,pattern,color,2,2,1,leftmost,triangle,green,striped,triangle,green,striped,triangle,blue,spotted,"Imagine you are talking to someone and you want to refer to the leftmost object. Which word would you use, 'striped' or 'green'?",Imagine you are talking to someone and you want to refer to the leftmost object. What will you say?,Imagine someone is talking to you and uses the word 'striped' to refer to one of the objects. Which object do you think they are talking about?,Imagine someone is talking to you and uses the word 'green' to refer to one of the objects. Which object do you think they are talking about?,"$50 on 'striped', $50 on 'green'",50,50
cond4_025.jpeg,cond4_diff,blue,circle,green,square,color,shape,2,2_diff,3,rightmost,square,blue,checked,circle,green,checked,circle,blue,checked,"Imagine you are talking to someone and you want to refer to the rightmost object. Which word would you use, 'blue' or 'circle'?",Imagine you are talking to someone and you want to refer to the rightmost object. What will you say?,Imagine someone is talking to you and uses the word 'blue' to refer to one of the objects. Which object do you think they are talking about?,Imagine someone is talking to you and uses the word 'circle' to refer to one of the objects. Which object do you think they are talking about?,"'blue': 70
'circle': 30",70,30
cond4_026.jpeg,cond4,spotted,blue,striped,green,pattern,color,2,2,2,middle,triangle,green,striped,triangle,blue,spotted,triangle,blue,spotted,"Imagine you are talking to someone and you want to refer to the middle object. Which word would you use, 'spotted' or 'blue'?",Imagine you are talking to someone and you want to refer to the middle object. What will you say?,Imagine someone is talking to you and uses the word 'spotted' to refer to one of the objects. Which object do you think they are talking about?,Imagine someone is talking to you and uses the word 'blue' to refer to one of the objects. Which object do you think they are talking about?,"'Spotted': 10
'Blue': 90",10,90
cond4_027.jpeg,cond4_diff,spotted,blue,striped,green,pattern,color,2,2_diff,1,leftmost,triangle,blue,spotted,triangle,blue,striped,triangle,green,spotted,"Imagine you are talking to someone and you want to refer to the leftmost object. Which word would you use, 'spotted' or 'blue'?",Imagine you are talking to someone and you want to refer to the leftmost object. What will you say?,Imagine someone is talking to you and uses the word 'spotted' to refer to one of the objects. Which object do you think they are talking about?,Imagine someone is talking to you and uses the word 'blue' to refer to one of the objects. Which object do you think they are talking about?,"'Blue': 60, 'spotted': 40",40,60
cond4_028.jpeg,cond4,square,green,circle,blue,shape,color,2,2,2,middle,circle,blue,checked,square,green,checked,square,green,checked,"Imagine you are talking to someone and you want to refer to the middle object. Which word would you use, 'square' or 'green'?",Imagine you are talking to someone and you want to refer to the middle object. What will you say?,Imagine someone is talking to you and uses the word 'square' to refer to one of the objects. Which object do you think they are talking about?,Imagine someone is talking to you and uses the word 'green' to refer to one of the objects. Which object do you think they are talking about?,"'square': 60
'green': 40",60,40
cond4_029.jpeg,cond4_diff,green,circle,blue,square,color,shape,2,2_diff,1,leftmost,circle,green,checked,square,green,checked,circle,blue,checked,"Imagine you are talking to someone and you want to refer to the leftmost object. Which word would you use, 'green' or 'circle'?",Imagine you are talking to someone and you want to refer to the leftmost object. What will you say?,Imagine someone is talking to you and uses the word 'green' to refer to one of the objects. Which object do you think they are talking about?,Imagine someone is talking to you and uses the word 'circle' to refer to one of the objects. Which object do you think they are talking about?,"$60 on ""circle"", $40 on ""green""",40,60
cond4_030.jpeg,cond4_diff,blue,striped,green,spotted,color,pattern,2,2_diff,3,rightmost,triangle,blue,spotted,triangle,green,striped,triangle,blue,striped,"Imagine you are talking to someone and you want to refer to the rightmost object. Which word would you use, 'blue' or 'striped'?",Imagine you are talking to someone and you want to refer to the rightmost object. What will you say?,Imagine someone is talking to you and uses the word 'blue' to refer to one of the objects. Which object do you think they are talking about?,Imagine someone is talking to you and uses the word 'striped' to refer to one of the objects. Which object do you think they are talking about?,"'blue': 40  
'striped': 60",40,60
cond4_031.jpeg,cond4,circle,blue,square,green,shape,color,2,2,3,rightmost,square,green,checked,circle,blue,checked,circle,blue,checked,"Imagine you are talking to someone and you want to refer to the rightmost object. Which word would you use, 'circle' or 'blue'?",Imagine you are talking to someone and you want to refer to the rightmost object. What will you say?,Imagine someone is talking to you and uses the word 'circle' to refer to one of the objects. Which object do you think they are talking about?,Imagine someone is talking to you and uses the word 'blue' to refer to one of the objects. Which object do you think they are talking about?,"'Circle': $40  
'Blue': $60",40,60
cond4_032.jpeg,cond4,square,striped,circle,spotted,shape,pattern,2,2,3,rightmost,square,red,striped,circle,red,spotted,square,red,striped,"Imagine you are talking to someone and you want to refer to the rightmost object. Which word would you use, 'square' or 'striped'?",Imagine you are talking to someone and you want to refer to the rightmost object. What will you say?,Imagine someone is talking to you and uses the word 'square' to refer to one of the objects. Which object do you think they are talking about?,Imagine someone is talking to you and uses the word 'striped' to refer to one of the objects. Which object do you think they are talking about?,"'striped': 60
'square': 40",40,60
cond4_033.jpeg,cond4_diff,green,circle,blue,square,color,shape,2,2_diff,2,middle,square,green,checked,circle,green,checked,circle,blue,checked,"Imagine you are talking to someone and you want to refer to the middle object. Which word would you use, 'green' or 'circle'?",Imagine you are talking to someone and you want to refer to the middle object. What will you say?,Imagine someone is talking to you and uses the word 'green' to refer to one of the objects. Which object do you think they are talking about?,Imagine someone is talking to you and uses the word 'circle' to refer to one of the objects. Which object do you think they are talking about?,"'green': 60  
'circle': 40",60,40
cond4_034.jpeg,cond4_diff,striped,square,spotted,circle,pattern,shape,2,2_diff,3,rightmost,circle,red,striped,square,red,spotted,square,red,striped,"Imagine you are talking to someone and you want to refer to the rightmost object. Which word would you use, 'striped' or 'square'?",Imagine you are talking to someone and you want to refer to the rightmost object. What will you say?,Imagine someone is talking to you and uses the word 'striped' to refer to one of the objects. Which object do you think they are talking about?,Imagine someone is talking to you and uses the word 'square' to refer to one of the objects. Which object do you think they are talking about?,"striped: $40
square: $60",40,60
cond4_035.jpeg,cond4,blue,circle,green,square,color,shape,2,2,3,rightmost,circle,blue,checked,square,green,checked,circle,blue,checked,"Imagine you are talking to someone and you want to refer to the rightmost object. Which word would you use, 'blue' or 'circle'?",Imagine you are talking to someone and you want to refer to the rightmost object. What will you say?,Imagine someone is talking to you and uses the word 'blue' to refer to one of the objects. Which object do you think they are talking about?,Imagine someone is talking to you and uses the word 'circle' to refer to one of the objects. Which object do you think they are talking about?,"'blue': 50, 'circle': 50",50,50
cond4_036.jpeg,cond4_diff,spotted,circle,striped,square,pattern,shape,2,2_diff,2,middle,circle,red,striped,circle,red,spotted,square,red,spotted,"Imagine you are talking to someone and you want to refer to the middle object. Which word would you use, 'spotted' or 'circle'?",Imagine you are talking to someone and you want to refer to the middle object. What will you say?,Imagine someone is talking to you and uses the word 'spotted' to refer to one of the objects. Which object do you think they are talking about?,Imagine someone is talking to you and uses the word 'circle' to refer to one of the objects. Which object do you think they are talking about?,"'Circle': 80, 'spotted': 20",20,80
cond4_037.jpeg,cond4,circle,striped,square,spotted,shape,pattern,2,2,3,rightmost,square,red,spotted,circle,red,striped,circle,red,striped,"Imagine you are talking to someone and you want to refer to the rightmost object. Which word would you use, 'circle' or 'striped'?",Imagine you are talking to someone and you want to refer to the rightmost object. What will you say?,Imagine someone is talking to you and uses the word 'circle' to refer to one of the objects. Which object do you think they are talking about?,Imagine someone is talking to you and uses the word 'striped' to refer to one of the objects. Which object do you think they are talking about?,"'Striped': 90  
'Circle': 10",10,90
cond4_038.jpeg,cond4,striped,green,spotted,blue,pattern,color,2,2,2,middle,triangle,blue,spotted,triangle,green,striped,triangle,green,striped,"Imagine you are talking to someone and you want to refer to the middle object. Which word would you use, 'striped' or 'green'?",Imagine you are talking to someone and you want to refer to the middle object. What will you say?,Imagine someone is talking to you and uses the word 'striped' to refer to one of the objects. Which object do you think they are talking about?,Imagine someone is talking to you and uses the word 'green' to refer to one of the objects. Which object do you think they are talking about?,"$0 on 'striped', $100 on 'green'",0,100
cond4_039.jpeg,cond4_diff,blue,circle,green,square,color,shape,2,2_diff,2,middle,circle,green,checked,circle,blue,checked,square,blue,checked,"Imagine you are talking to someone and you want to refer to the middle object. Which word would you use, 'blue' or 'circle'?",Imagine you are talking to someone and you want to refer to the middle object. What will you say?,Imagine someone is talking to you and uses the word 'blue' to refer to one of the objects. Which object do you think they are talking about?,Imagine someone is talking to you and uses the word 'circle' to refer to one of the objects. Which object do you think they are talking about?,"blue: 80
circle: 20",80,20
cond4_040.jpeg,cond4_diff,blue,square,green,circle,color,shape,2,2_diff,1,leftmost,square,blue,checked,circle,blue,checked,square,green,checked,"Imagine you are talking to someone and you want to refer to the leftmost object. Which word would you use, 'blue' or 'square'?",Imagine you are talking to someone and you want to refer to the leftmost object. What will you say?,Imagine someone is talking to you and uses the word 'blue' to refer to one of the objects. Which object do you think they are talking about?,Imagine someone is talking to you and uses the word 'square' to refer to one of the objects. Which object do you think they are talking about?,"'square': 70
'blue': 30",30,70
cond4_041.jpeg,cond4,square,striped,circle,spotted,shape,pattern,2,2,2,middle,circle,red,spotted,square,red,striped,square,red,striped,"Imagine you are talking to someone and you want to refer to the middle object. Which word would you use, 'square' or 'striped'?",Imagine you are talking to someone and you want to refer to the middle object. What will you say?,Imagine someone is talking to you and uses the word 'square' to refer to one of the objects. Which object do you think they are talking about?,Imagine someone is talking to you and uses the word 'striped' to refer to one of the objects. Which object do you think they are talking about?,"'square': 30  
'striped': 70",30,70
cond4_042.jpeg,cond4_diff,striped,blue,spotted,green,pattern,color,2,2_diff,2,middle,triangle,blue,spotted,triangle,blue,striped,triangle,green,striped,"Imagine you are talking to someone and you want to refer to the middle object. Which word would you use, 'striped' or 'blue'?",Imagine you are talking to someone and you want to refer to the middle object. What will you say?,Imagine someone is talking to you and uses the word 'striped' to refer to one of the objects. Which object do you think they are talking about?,Imagine someone is talking to you and uses the word 'blue' to refer to one of the objects. Which object do you think they are talking about?,"'Blue': 80, 'Striped': 20",20,80
cond4_043.jpeg,cond4,blue,square,green,circle,color,shape,2,2,3,rightmost,square,blue,checked,circle,green,checked,square,blue,checked,"Imagine you are talking to someone and you want to refer to the rightmost object. Which word would you use, 'blue' or 'square'?",Imagine you are talking to someone and you want to refer to the rightmost object. What will you say?,Imagine someone is talking to you and uses the word 'blue' to refer to one of the objects. Which object do you think they are talking about?,Imagine someone is talking to you and uses the word 'square' to refer to one of the objects. Which object do you think they are talking about?,"'Blue': 40  
'Square': 60",40,60
cond4_044.jpeg,cond4,striped,blue,spotted,green,pattern,color,2,2,1,leftmost,triangle,blue,striped,triangle,green,spotted,triangle,blue,striped,"Imagine you are talking to someone and you want to refer to the leftmost object. Which word would you use, 'striped' or 'blue'?",Imagine you are talking to someone and you want to refer to the leftmost object. What will you say?,Imagine someone is talking to you and uses the word 'striped' to refer to one of the objects. Which object do you think they are talking about?,Imagine someone is talking to you and uses the word 'blue' to refer to one of the objects. Which object do you think they are talking about?,"Striped: 50
Blue: 50",50,50
cond4_045.jpeg,cond4,green,circle,blue,square,color,shape,2,2,1,leftmost,circle,green,checked,square,blue,checked,circle,green,checked,"Imagine you are talking to someone and you want to refer to the leftmost object. Which word would you use, 'green' or 'circle'?",Imagine you are talking to someone and you want to refer to the leftmost object. What will you say?,Imagine someone is talking to you and uses the word 'green' to refer to one of the objects. Which object do you think they are talking about?,Imagine someone is talking to you and uses the word 'circle' to refer to one of the objects. Which object do you think they are talking about?,"'Circle': $60  
'Green': $40",40,60
cond4_046.jpeg,cond4_diff,circle,spotted,square,striped,shape,pattern,2,2_diff,1,leftmost,circle,red,spotted,circle,red,striped,square,red,spotted,"Imagine you are talking to someone and you want to refer to the leftmost object. Which word would you use, 'circle' or 'spotted'?",Imagine you are talking to someone and you want to refer to the leftmost object. What will you say?,Imagine someone is talking to you and uses the word 'circle' to refer to one of the objects. Which object do you think they are talking about?,Imagine someone is talking to you and uses the word 'spotted' to refer to one of the objects. Which object do you think they are talking about?,"'Spotted': $90  
'Circle': $10",10,90
cond4_047.jpeg,cond4,square,striped,circle,spotted,shape,pattern,2,2,3,rightmost,square,red,striped,circle,red,spotted,square,red,striped,"Imagine you are talking to someone and you want to refer to the rightmost object. Which word would you use, 'square' or 'striped'?",Imagine you are talking to someone and you want to refer to the rightmost object. What will you say?,Imagine someone is talking to you and uses the word 'square' to refer to one of the objects. Which object do you think they are talking about?,Imagine someone is talking to you and uses the word 'striped' to refer to one of the objects. Which object do you think they are talking about?,"'striped': 50
'square': 50",50,50
cond4_048.jpeg,cond4_diff,square,blue,circle,green,shape,color,2,2_diff,1,leftmost,square,blue,checked,circle,blue,checked,square,green,checked,"Imagine you are talking to someone and you want to refer to the leftmost object. Which word would you use, 'square' or 'blue'?",Imagine you are talking to someone and you want to refer to the leftmost object. What will you say?,Imagine someone is talking to you and uses the word 'square' to refer to one of the objects. Which object do you think they are talking about?,Imagine someone is talking to you and uses the word 'blue' to refer to one of the objects. Which object do you think they are talking about?,"'square': 30
'blue': 70",30,70
cond4_049.jpeg,cond4_diff,striped,blue,spotted,green,pattern,color,2,2_diff,3,rightmost,triangle,green,striped,triangle,blue,spotted,triangle,blue,striped,"Imagine you are talking to someone and you want to refer to the rightmost object. Which word would you use, 'striped' or 'blue'?",Imagine you are talking to someone and you want to refer to the rightmost object. What will you say?,Imagine someone is talking to you and uses the word 'striped' to refer to one of the objects. Which object do you think they are talking about?,Imagine someone is talking to you and uses the word 'blue' to refer to one of the objects. Which object do you think they are talking about?,"$20 on 'striped', $80 on 'blue'",20,80
cond4_050.jpeg,cond4,spotted,blue,striped,green,pattern,color,2,2,1,leftmost,triangle,blue,spotted,triangle,blue,spotted,triangle,green,striped,"Imagine you are talking to someone and you want to refer to the leftmost object. Which word would you use, 'spotted' or 'blue'?",Imagine you are talking to someone and you want to refer to the leftmost object. What will you say?,Imagine someone is talking to you and uses the word 'spotted' to refer to one of the objects. Which object do you think they are talking about?,Imagine someone is talking to you and uses the word 'blue' to refer to one of the objects. Which object do you think they are talking about?,"Spotted: $90
Blue: $10",90,10