image_file,condition,adj1,adj2,adj1not,adj2not,feature1,feature2,num_objs1,num_objs2,position,position_word,obj1shape,obj1color,obj1pattern,obj2shape,obj2color,obj2pattern,obj3shape,obj3color,obj3pattern,question_speaker,question_free_speaker,question_listener_1,question_listener_2,free_speaker_answer,feature,shape,color,texture,adj1,target_feature,target_feature_mentioned,cond4_002.jpeg,cond4_diff,spotted,green,striped,blue,pattern,color,2,2_diff,2,middle,triangle,green,striped,triangle,green,spotted,triangle,blue,spotted,"Imagine you are talking to someone and you want to refer to the middle object. Which word would you use, 'spotted' or 'green'?","Imagine you are talking to someone and you want to refer to the leftmost object. 
Your job is to decide what utterance to use. The objects might be arranged differently for the other person, so please do not use degenerate spatial locations and the label. The target image is highlighted by a dashed red box that only you can see.
What will you say?",Imagine someone is talking to you and uses the word 'spotted' to refer to one of the objects. Which object do you think they are talking about?,Imagine someone is talking to you and uses the word 'green' to refer to one of the objects. Which object do you think they are talking about?,the green dotted triangle,3,yes,yes,yes,spotted,green,yes,2cond4_004.jpeg,cond4_diff,circle,striped,square,spotted,shape,pattern,2,2_diff,2,middle,square,red,striped,circle,red,striped,circle,red,spotted,"Imagine you are talking to someone and you want to refer to the middle object. Which word would you use, 'circle' or 'striped'?","Imagine you are talking to someone and you want to refer to the leftmost object. 
Your job is to decide what utterance to use. The objects might be arranged differently for the other person, so please do not use degenerate spatial locations and the label. The target image is highlighted by a dashed red box that only you can see.
What will you say?",Imagine someone is talking to you and uses the word 'circle' to refer to one of the objects. Which object do you think they are talking about?,Imagine someone is talking to you and uses the word 'striped' to refer to one of the objects. Which object do you think they are talking about?,striped circle,2,yes,no,yes,circle,striped,yes,2cond4_007.jpeg,cond4_diff,spotted,square,striped,circle,pattern,shape,2,2_diff,2,middle,square,red,striped,square,red,spotted,circle,red,spotted,"Imagine you are talking to someone and you want to refer to the middle object. Which word would you use, 'spotted' or 'square'?","Imagine you are talking to someone and you want to refer to the leftmost object. 
Your job is to decide what utterance to use. The objects might be arranged differently for the other person, so please do not use degenerate spatial locations and the label. The target image is highlighted by a dashed red box that only you can see.
What will you say?",Imagine someone is talking to you and uses the word 'spotted' to refer to one of the objects. Which object do you think they are talking about?,Imagine someone is talking to you and uses the word 'square' to refer to one of the objects. Which object do you think they are talking about?,the dotted square,2,yes,no,yes,spotted,square,yes,2cond4_008.jpeg,cond4_diff,square,green,circle,blue,shape,color,2,2_diff,3,rightmost,square,blue,checked,circle,green,checked,square,green,checked,"Imagine you are talking to someone and you want to refer to the rightmost object. Which word would you use, 'square' or 'green'?","Imagine you are talking to someone and you want to refer to the leftmost object. 
Your job is to decide what utterance to use. The objects might be arranged differently for the other person, so please do not use degenerate spatial locations and the label. The target image is highlighted by a dashed red box that only you can see.
What will you say?",Imagine someone is talking to you and uses the word 'square' to refer to one of the objects. Which object do you think they are talking about?,Imagine someone is talking to you and uses the word 'green' to refer to one of the objects. Which object do you think they are talking about?,the green square,2,yes,yes,no,square,green,yes,2cond4_010.jpeg,cond4_diff,spotted,green,striped,blue,pattern,color,2,2_diff,2,middle,triangle,green,striped,triangle,green,spotted,triangle,blue,spotted,"Imagine you are talking to someone and you want to refer to the middle object. Which word would you use, 'spotted' or 'green'?","Imagine you are talking to someone and you want to refer to the leftmost object. 
Your job is to decide what utterance to use. The objects might be arranged differently for the other person, so please do not use degenerate spatial locations and the label. The target image is highlighted by a dashed red box that only you can see.
What will you say?",Imagine someone is talking to you and uses the word 'spotted' to refer to one of the objects. Which object do you think they are talking about?,Imagine someone is talking to you and uses the word 'green' to refer to one of the objects. Which object do you think they are talking about?,the green dotted triangle,3,yes,yes,yes,spotted,green,yes,2cond4_011.jpeg,cond4_diff,blue,square,green,circle,color,shape,2,2_diff,3,rightmost,square,green,checked,circle,blue,checked,square,blue,checked,"Imagine you are talking to someone and you want to refer to the rightmost object. Which word would you use, 'blue' or 'square'?","Imagine you are talking to someone and you want to refer to the leftmost object. 
Your job is to decide what utterance to use. The objects might be arranged differently for the other person, so please do not use degenerate spatial locations and the label. The target image is highlighted by a dashed red box that only you can see.
What will you say?",Imagine someone is talking to you and uses the word 'blue' to refer to one of the objects. Which object do you think they are talking about?,Imagine someone is talking to you and uses the word 'square' to refer to one of the objects. Which object do you think they are talking about?,the blue-bordered square,2,yes,yes,no,blue,square,yes,2cond4_015.jpeg,cond4_diff,spotted,circle,striped,square,pattern,shape,2,2_diff,1,leftmost,circle,red,spotted,circle,red,striped,square,red,spotted,"Imagine you are talking to someone and you want to refer to the leftmost object. Which word would you use, 'spotted' or 'circle'?","Imagine you are talking to someone and you want to refer to the leftmost object. 
Your job is to decide what utterance to use. The objects might be arranged differently for the other person, so please do not use degenerate spatial locations and the label. The target image is highlighted by a dashed red box that only you can see.
What will you say?",Imagine someone is talking to you and uses the word 'spotted' to refer to one of the objects. Which object do you think they are talking about?,Imagine someone is talking to you and uses the word 'circle' to refer to one of the objects. Which object do you think they are talking about?,dotted circle,2,yes,no,yes,spotted,circle,yes,2cond4_019.jpeg,cond4_diff,square,striped,circle,spotted,shape,pattern,2,2_diff,3,rightmost,circle,red,striped,square,red,spotted,square,red,striped,"Imagine you are talking to someone and you want to refer to the rightmost object. Which word would you use, 'square' or 'striped'?","Imagine you are talking to someone and you want to refer to the leftmost object. 
Your job is to decide what utterance to use. The objects might be arranged differently for the other person, so please do not use degenerate spatial locations and the label. The target image is highlighted by a dashed red box that only you can see.
What will you say?",Imagine someone is talking to you and uses the word 'square' to refer to one of the objects. Which object do you think they are talking about?,Imagine someone is talking to you and uses the word 'striped' to refer to one of the objects. Which object do you think they are talking about?,the striped square,2,yes,no,yes,square,striped,yes,2cond4_022.jpeg,cond4_diff,blue,spotted,green,striped,color,pattern,2,2_diff,2,middle,triangle,blue,striped,triangle,blue,spotted,triangle,green,spotted,"Imagine you are talking to someone and you want to refer to the middle object. Which word would you use, 'blue' or 'spotted'?","Imagine you are talking to someone and you want to refer to the leftmost object. 
Your job is to decide what utterance to use. The objects might be arranged differently for the other person, so please do not use degenerate spatial locations and the label. The target image is highlighted by a dashed red box that only you can see.
What will you say?",Imagine someone is talking to you and uses the word 'blue' to refer to one of the objects. Which object do you think they are talking about?,Imagine someone is talking to you and uses the word 'spotted' to refer to one of the objects. Which object do you think they are talking about?,the blue dotted triangle,3,yes,yes,yes,blue,spotted,yes,2cond4_025.jpeg,cond4_diff,blue,circle,green,square,color,shape,2,2_diff,3,rightmost,square,blue,checked,circle,green,checked,circle,blue,checked,"Imagine you are talking to someone and you want to refer to the rightmost object. Which word would you use, 'blue' or 'circle'?","Imagine you are talking to someone and you want to refer to the leftmost object. 
Your job is to decide what utterance to use. The objects might be arranged differently for the other person, so please do not use degenerate spatial locations and the label. The target image is highlighted by a dashed red box that only you can see.
What will you say?",Imagine someone is talking to you and uses the word 'blue' to refer to one of the objects. Which object do you think they are talking about?,Imagine someone is talking to you and uses the word 'circle' to refer to one of the objects. Which object do you think they are talking about?,the blue circle,2,yes,yes,no,blue,circle,yes,2cond4_027.jpeg,cond4_diff,spotted,blue,striped,green,pattern,color,2,2_diff,1,leftmost,triangle,blue,spotted,triangle,blue,striped,triangle,green,spotted,"Imagine you are talking to someone and you want to refer to the leftmost object. Which word would you use, 'spotted' or 'blue'?","Imagine you are talking to someone and you want to refer to the leftmost object. 
Your job is to decide what utterance to use. The objects might be arranged differently for the other person, so please do not use degenerate spatial locations and the label. The target image is highlighted by a dashed red box that only you can see.
What will you say?",Imagine someone is talking to you and uses the word 'spotted' to refer to one of the objects. Which object do you think they are talking about?,Imagine someone is talking to you and uses the word 'blue' to refer to one of the objects. Which object do you think they are talking about?,the blue dotted triangle,3,yes,yes,yes,spotted,blue,yes,2cond4_029.jpeg,cond4_diff,green,circle,blue,square,color,shape,2,2_diff,1,leftmost,circle,green,checked,square,green,checked,circle,blue,checked,"Imagine you are talking to someone and you want to refer to the leftmost object. Which word would you use, 'green' or 'circle'?","Imagine you are talking to someone and you want to refer to the leftmost object. 
Your job is to decide what utterance to use. The objects might be arranged differently for the other person, so please do not use degenerate spatial locations and the label. The target image is highlighted by a dashed red box that only you can see.
What will you say?",Imagine someone is talking to you and uses the word 'green' to refer to one of the objects. Which object do you think they are talking about?,Imagine someone is talking to you and uses the word 'circle' to refer to one of the objects. Which object do you think they are talking about?,the green circle,2,yes,yes,no,green,circle,yes,2cond4_030.jpeg,cond4_diff,blue,striped,green,spotted,color,pattern,2,2_diff,3,rightmost,triangle,blue,spotted,triangle,green,striped,triangle,blue,striped,"Imagine you are talking to someone and you want to refer to the rightmost object. Which word would you use, 'blue' or 'striped'?","Imagine you are talking to someone and you want to refer to the leftmost object. 
Your job is to decide what utterance to use. The objects might be arranged differently for the other person, so please do not use degenerate spatial locations and the label. The target image is highlighted by a dashed red box that only you can see.
What will you say?",Imagine someone is talking to you and uses the word 'blue' to refer to one of the objects. Which object do you think they are talking about?,Imagine someone is talking to you and uses the word 'striped' to refer to one of the objects. Which object do you think they are talking about?,the blue striped triangle,3,yes,yes,yes,blue,striped,yes,2cond4_033.jpeg,cond4_diff,green,circle,blue,square,color,shape,2,2_diff,2,middle,square,green,checked,circle,green,checked,circle,blue,checked,"Imagine you are talking to someone and you want to refer to the middle object. Which word would you use, 'green' or 'circle'?","Imagine you are talking to someone and you want to refer to the leftmost object. 
Your job is to decide what utterance to use. The objects might be arranged differently for the other person, so please do not use degenerate spatial locations and the label. The target image is highlighted by a dashed red box that only you can see.
What will you say?",Imagine someone is talking to you and uses the word 'green' to refer to one of the objects. Which object do you think they are talking about?,Imagine someone is talking to you and uses the word 'circle' to refer to one of the objects. Which object do you think they are talking about?,the green circle,2,yes,yes,no,green,circle,yes,2cond4_034.jpeg,cond4_diff,striped,square,spotted,circle,pattern,shape,2,2_diff,3,rightmost,circle,red,striped,square,red,spotted,square,red,striped,"Imagine you are talking to someone and you want to refer to the rightmost object. Which word would you use, 'striped' or 'square'?","Imagine you are talking to someone and you want to refer to the leftmost object. 
Your job is to decide what utterance to use. The objects might be arranged differently for the other person, so please do not use degenerate spatial locations and the label. The target image is highlighted by a dashed red box that only you can see.
What will you say?",Imagine someone is talking to you and uses the word 'striped' to refer to one of the objects. Which object do you think they are talking about?,Imagine someone is talking to you and uses the word 'square' to refer to one of the objects. Which object do you think they are talking about?,the striped square,2,yes,no,yes,striped,square,yes,2cond4_036.jpeg,cond4_diff,spotted,circle,striped,square,pattern,shape,2,2_diff,2,middle,circle,red,striped,circle,red,spotted,square,red,spotted,"Imagine you are talking to someone and you want to refer to the middle object. Which word would you use, 'spotted' or 'circle'?","Imagine you are talking to someone and you want to refer to the leftmost object. 
Your job is to decide what utterance to use. The objects might be arranged differently for the other person, so please do not use degenerate spatial locations and the label. The target image is highlighted by a dashed red box that only you can see.
What will you say?",Imagine someone is talking to you and uses the word 'spotted' to refer to one of the objects. Which object do you think they are talking about?,Imagine someone is talking to you and uses the word 'circle' to refer to one of the objects. Which object do you think they are talking about?,dotted circle,2,yes,no,yes,spotted,circle,yes,2cond4_039.jpeg,cond4_diff,blue,circle,green,square,color,shape,2,2_diff,2,middle,circle,green,checked,circle,blue,checked,square,blue,checked,"Imagine you are talking to someone and you want to refer to the middle object. Which word would you use, 'blue' or 'circle'?","Imagine you are talking to someone and you want to refer to the leftmost object. 
Your job is to decide what utterance to use. The objects might be arranged differently for the other person, so please do not use degenerate spatial locations and the label. The target image is highlighted by a dashed red box that only you can see.
What will you say?",Imagine someone is talking to you and uses the word 'blue' to refer to one of the objects. Which object do you think they are talking about?,Imagine someone is talking to you and uses the word 'circle' to refer to one of the objects. Which object do you think they are talking about?,the blue circle,2,yes,yes,no,blue,circle,yes,2cond4_040.jpeg,cond4_diff,blue,square,green,circle,color,shape,2,2_diff,1,leftmost,square,blue,checked,circle,blue,checked,square,green,checked,"Imagine you are talking to someone and you want to refer to the leftmost object. Which word would you use, 'blue' or 'square'?","Imagine you are talking to someone and you want to refer to the leftmost object. 
Your job is to decide what utterance to use. The objects might be arranged differently for the other person, so please do not use degenerate spatial locations and the label. The target image is highlighted by a dashed red box that only you can see.
What will you say?",Imagine someone is talking to you and uses the word 'blue' to refer to one of the objects. Which object do you think they are talking about?,Imagine someone is talking to you and uses the word 'square' to refer to one of the objects. Which object do you think they are talking about?,the blue square,2,yes,yes,no,blue,square,yes,2cond4_042.jpeg,cond4_diff,striped,blue,spotted,green,pattern,color,2,2_diff,2,middle,triangle,blue,spotted,triangle,blue,striped,triangle,green,striped,"Imagine you are talking to someone and you want to refer to the middle object. Which word would you use, 'striped' or 'blue'?","Imagine you are talking to someone and you want to refer to the leftmost object. 
Your job is to decide what utterance to use. The objects might be arranged differently for the other person, so please do not use degenerate spatial locations and the label. The target image is highlighted by a dashed red box that only you can see.
What will you say?",Imagine someone is talking to you and uses the word 'striped' to refer to one of the objects. Which object do you think they are talking about?,Imagine someone is talking to you and uses the word 'blue' to refer to one of the objects. Which object do you think they are talking about?,the blue triangle with stripes,3,yes,yes,yes,striped,blue,yes,2cond4_046.jpeg,cond4_diff,circle,spotted,square,striped,shape,pattern,2,2_diff,1,leftmost,circle,red,spotted,circle,red,striped,square,red,spotted,"Imagine you are talking to someone and you want to refer to the leftmost object. Which word would you use, 'circle' or 'spotted'?","Imagine you are talking to someone and you want to refer to the leftmost object. 
Your job is to decide what utterance to use. The objects might be arranged differently for the other person, so please do not use degenerate spatial locations and the label. The target image is highlighted by a dashed red box that only you can see.
What will you say?",Imagine someone is talking to you and uses the word 'circle' to refer to one of the objects. Which object do you think they are talking about?,Imagine someone is talking to you and uses the word 'spotted' to refer to one of the objects. Which object do you think they are talking about?,the dotted circle,2,yes,no,yes,circle,spotted,yes,2cond4_048.jpeg,cond4_diff,square,blue,circle,green,shape,color,2,2_diff,1,leftmost,square,blue,checked,circle,blue,checked,square,green,checked,"Imagine you are talking to someone and you want to refer to the leftmost object. Which word would you use, 'square' or 'blue'?","Imagine you are talking to someone and you want to refer to the leftmost object. 
Your job is to decide what utterance to use. The objects might be arranged differently for the other person, so please do not use degenerate spatial locations and the label. The target image is highlighted by a dashed red box that only you can see.
What will you say?",Imagine someone is talking to you and uses the word 'square' to refer to one of the objects. Which object do you think they are talking about?,Imagine someone is talking to you and uses the word 'blue' to refer to one of the objects. Which object do you think they are talking about?,the blue square,2,yes,yes,no,square,blue,yes,2cond4_049.jpeg,cond4_diff,striped,blue,spotted,green,pattern,color,2,2_diff,3,rightmost,triangle,green,striped,triangle,blue,spotted,triangle,blue,striped,"Imagine you are talking to someone and you want to refer to the rightmost object. Which word would you use, 'striped' or 'blue'?","Imagine you are talking to someone and you want to refer to the leftmost object. 
Your job is to decide what utterance to use. The objects might be arranged differently for the other person, so please do not use degenerate spatial locations and the label. The target image is highlighted by a dashed red box that only you can see.
What will you say?",Imagine someone is talking to you and uses the word 'striped' to refer to one of the objects. Which object do you think they are talking about?,Imagine someone is talking to you and uses the word 'blue' to refer to one of the objects. Which object do you think they are talking about?,the blue triangle with stripes,3,yes,yes,yes,striped,blue,yes,2