image_file,condition,adj1,adj2,adj1not,adj2not,feature1,feature2,num_objs1,num_objs2,position,position_word,obj1shape,obj1color,obj1pattern,obj2shape,obj2color,obj2pattern,obj3shape,obj3color,obj3pattern,question_speaker,question_free_speaker,question_listener_1,question_listener_2,free_speaker_answer,feature,shape,color,texture,target_feature_1,target_feature2,target_feature_mentioned,cond6_001.jpeg,cond6,circle,striped,square,spotted,shape,pattern,1,1,3,rightmost,square,red,spotted,square,red,spotted,circle,red,striped,"Imagine you are talking to someone and you want to refer to the rightmost object. Which word would you use, 'circle' or 'striped'?","Imagine you are talking to someone and you want to refer to the leftmost object. 
Your job is to decide what utterance to use. The objects might be arranged differently for the other person, so please do not use degenerate spatial locations and the label. The target image is highlighted by a dashed red box that only you can see.
What will you say?",Imagine someone is talking to you and uses the word 'circle' to refer to one of the objects. Which object do you think they are talking about?,Imagine someone is talking to you and uses the word 'striped' to refer to one of the objects. Which object do you think they are talking about?,the striped circle,2,yes,no,yes,circle,striped,yes,2cond6_002.jpeg,cond6,square,green,circle,blue,shape,color,1,1,2,middle,circle,blue,checked,square,green,checked,circle,blue,checked,"Imagine you are talking to someone and you want to refer to the middle object. Which word would you use, 'square' or 'green'?","Imagine you are talking to someone and you want to refer to the leftmost object. 
Your job is to decide what utterance to use. The objects might be arranged differently for the other person, so please do not use degenerate spatial locations and the label. The target image is highlighted by a dashed red box that only you can see.
What will you say?",Imagine someone is talking to you and uses the word 'square' to refer to one of the objects. Which object do you think they are talking about?,Imagine someone is talking to you and uses the word 'green' to refer to one of the objects. Which object do you think they are talking about?,the green square,2,yes,yes,no,square,green,yes,2cond6_003.jpeg,cond6,square,striped,circle,spotted,shape,pattern,1,1,1,leftmost,square,red,striped,circle,red,spotted,circle,red,spotted,"Imagine you are talking to someone and you want to refer to the leftmost object. Which word would you use, 'square' or 'striped'?","Imagine you are talking to someone and you want to refer to the leftmost object. 
Your job is to decide what utterance to use. The objects might be arranged differently for the other person, so please do not use degenerate spatial locations and the label. The target image is highlighted by a dashed red box that only you can see.
What will you say?",Imagine someone is talking to you and uses the word 'square' to refer to one of the objects. Which object do you think they are talking about?,Imagine someone is talking to you and uses the word 'striped' to refer to one of the objects. Which object do you think they are talking about?,the striped square,2,yes,no,yes,square,striped,yes,2cond6_004.jpeg,cond6,striped,blue,spotted,green,pattern,color,1,1,1,leftmost,triangle,blue,striped,triangle,green,spotted,triangle,green,spotted,"Imagine you are talking to someone and you want to refer to the leftmost object. Which word would you use, 'striped' or 'blue'?","Imagine you are talking to someone and you want to refer to the leftmost object. 
Your job is to decide what utterance to use. The objects might be arranged differently for the other person, so please do not use degenerate spatial locations and the label. The target image is highlighted by a dashed red box that only you can see.
What will you say?",Imagine someone is talking to you and uses the word 'striped' to refer to one of the objects. Which object do you think they are talking about?,Imagine someone is talking to you and uses the word 'blue' to refer to one of the objects. Which object do you think they are talking about?,the blue striped triangle,3,yes,yes,yes,striped,blue,yes,2cond6_005.jpeg,cond6,blue,circle,green,square,color,shape,1,1,1,leftmost,circle,blue,checked,square,green,checked,square,green,checked,"Imagine you are talking to someone and you want to refer to the leftmost object. Which word would you use, 'blue' or 'circle'?","Imagine you are talking to someone and you want to refer to the leftmost object. 
Your job is to decide what utterance to use. The objects might be arranged differently for the other person, so please do not use degenerate spatial locations and the label. The target image is highlighted by a dashed red box that only you can see.
What will you say?",Imagine someone is talking to you and uses the word 'blue' to refer to one of the objects. Which object do you think they are talking about?,Imagine someone is talking to you and uses the word 'circle' to refer to one of the objects. Which object do you think they are talking about?,the circle,1,yes,no,no,blue,circle,yes,1cond6_006.jpeg,cond6,square,green,circle,blue,shape,color,1,1,1,leftmost,square,green,checked,circle,blue,checked,circle,blue,checked,"Imagine you are talking to someone and you want to refer to the leftmost object. Which word would you use, 'square' or 'green'?","Imagine you are talking to someone and you want to refer to the leftmost object. 
Your job is to decide what utterance to use. The objects might be arranged differently for the other person, so please do not use degenerate spatial locations and the label. The target image is highlighted by a dashed red box that only you can see.
What will you say?",Imagine someone is talking to you and uses the word 'square' to refer to one of the objects. Which object do you think they are talking about?,Imagine someone is talking to you and uses the word 'green' to refer to one of the objects. Which object do you think they are talking about?,the green square,2,yes,yes,no,square,green,yes,2cond6_007.jpeg,cond6,circle,striped,square,spotted,shape,pattern,1,1,3,rightmost,square,red,spotted,square,red,spotted,circle,red,striped,"Imagine you are talking to someone and you want to refer to the rightmost object. Which word would you use, 'circle' or 'striped'?","Imagine you are talking to someone and you want to refer to the leftmost object. 
Your job is to decide what utterance to use. The objects might be arranged differently for the other person, so please do not use degenerate spatial locations and the label. The target image is highlighted by a dashed red box that only you can see.
What will you say?",Imagine someone is talking to you and uses the word 'circle' to refer to one of the objects. Which object do you think they are talking about?,Imagine someone is talking to you and uses the word 'striped' to refer to one of the objects. Which object do you think they are talking about?,striped circle,2,yes,no,yes,circle,striped,yes,2cond6_008.jpeg,cond6,square,blue,circle,green,shape,color,1,1,2,middle,circle,green,checked,square,blue,checked,circle,green,checked,"Imagine you are talking to someone and you want to refer to the middle object. Which word would you use, 'square' or 'blue'?","Imagine you are talking to someone and you want to refer to the leftmost object. 
Your job is to decide what utterance to use. The objects might be arranged differently for the other person, so please do not use degenerate spatial locations and the label. The target image is highlighted by a dashed red box that only you can see.
What will you say?",Imagine someone is talking to you and uses the word 'square' to refer to one of the objects. Which object do you think they are talking about?,Imagine someone is talking to you and uses the word 'blue' to refer to one of the objects. Which object do you think they are talking about?,the square checkerboard,2,yes,no,yes,square,blue,yes,1cond6_009.jpeg,cond6,circle,blue,square,green,shape,color,1,1,1,leftmost,circle,blue,checked,square,green,checked,square,green,checked,"Imagine you are talking to someone and you want to refer to the leftmost object. Which word would you use, 'circle' or 'blue'?","Imagine you are talking to someone and you want to refer to the leftmost object. 
Your job is to decide what utterance to use. The objects might be arranged differently for the other person, so please do not use degenerate spatial locations and the label. The target image is highlighted by a dashed red box that only you can see.
What will you say?",Imagine someone is talking to you and uses the word 'circle' to refer to one of the objects. Which object do you think they are talking about?,Imagine someone is talking to you and uses the word 'blue' to refer to one of the objects. Which object do you think they are talking about?,the circle,1,yes,no,no,circle,blue,yes,1cond6_010.jpeg,cond6,circle,green,square,blue,shape,color,1,1,2,middle,square,blue,checked,circle,green,checked,square,blue,checked,"Imagine you are talking to someone and you want to refer to the middle object. Which word would you use, 'circle' or 'green'?","Imagine you are talking to someone and you want to refer to the leftmost object. 
Your job is to decide what utterance to use. The objects might be arranged differently for the other person, so please do not use degenerate spatial locations and the label. The target image is highlighted by a dashed red box that only you can see.
What will you say?",Imagine someone is talking to you and uses the word 'circle' to refer to one of the objects. Which object do you think they are talking about?,Imagine someone is talking to you and uses the word 'green' to refer to one of the objects. Which object do you think they are talking about?,the green circle,2,yes,yes,no,circle,green,yes,2cond6_011.jpeg,cond6,green,circle,blue,square,color,shape,1,1,1,leftmost,circle,green,checked,square,blue,checked,square,blue,checked,"Imagine you are talking to someone and you want to refer to the leftmost object. Which word would you use, 'green' or 'circle'?","Imagine you are talking to someone and you want to refer to the leftmost object. 
Your job is to decide what utterance to use. The objects might be arranged differently for the other person, so please do not use degenerate spatial locations and the label. The target image is highlighted by a dashed red box that only you can see.
What will you say?",Imagine someone is talking to you and uses the word 'green' to refer to one of the objects. Which object do you think they are talking about?,Imagine someone is talking to you and uses the word 'circle' to refer to one of the objects. Which object do you think they are talking about?,the green-circled checkerboard,3,yes,yes,yes,green,circle,yes,2cond6_012.jpeg,cond6,blue,square,green,circle,color,shape,1,1,2,middle,circle,green,checked,square,blue,checked,circle,green,checked,"Imagine you are talking to someone and you want to refer to the middle object. Which word would you use, 'blue' or 'square'?","Imagine you are talking to someone and you want to refer to the leftmost object. 
Your job is to decide what utterance to use. The objects might be arranged differently for the other person, so please do not use degenerate spatial locations and the label. The target image is highlighted by a dashed red box that only you can see.
What will you say?",Imagine someone is talking to you and uses the word 'blue' to refer to one of the objects. Which object do you think they are talking about?,Imagine someone is talking to you and uses the word 'square' to refer to one of the objects. Which object do you think they are talking about?,blue square checkerboard,3,yes,yes,yes,blue,square,yes,2cond6_013.jpeg,cond6,spotted,blue,striped,green,pattern,color,1,1,1,leftmost,triangle,blue,spotted,triangle,green,striped,triangle,green,striped,"Imagine you are talking to someone and you want to refer to the leftmost object. Which word would you use, 'spotted' or 'blue'?","Imagine you are talking to someone and you want to refer to the leftmost object. 
Your job is to decide what utterance to use. The objects might be arranged differently for the other person, so please do not use degenerate spatial locations and the label. The target image is highlighted by a dashed red box that only you can see.
What will you say?",Imagine someone is talking to you and uses the word 'spotted' to refer to one of the objects. Which object do you think they are talking about?,Imagine someone is talking to you and uses the word 'blue' to refer to one of the objects. Which object do you think they are talking about?,the blue dotted triangle,3,yes,yes,yes,spotted,blue,yes,2cond6_014.jpeg,cond6,circle,blue,square,green,shape,color,1,1,3,rightmost,square,green,checked,square,green,checked,circle,blue,checked,"Imagine you are talking to someone and you want to refer to the rightmost object. Which word would you use, 'circle' or 'blue'?","Imagine you are talking to someone and you want to refer to the leftmost object. 
Your job is to decide what utterance to use. The objects might be arranged differently for the other person, so please do not use degenerate spatial locations and the label. The target image is highlighted by a dashed red box that only you can see.
What will you say?",Imagine someone is talking to you and uses the word 'circle' to refer to one of the objects. Which object do you think they are talking about?,Imagine someone is talking to you and uses the word 'blue' to refer to one of the objects. Which object do you think they are talking about?,the circular checkerboard,2,yes,no,yes,circle,blue,yes,1cond6_015.jpeg,cond6,blue,square,green,circle,color,shape,1,1,1,leftmost,square,blue,checked,circle,green,checked,circle,green,checked,"Imagine you are talking to someone and you want to refer to the leftmost object. Which word would you use, 'blue' or 'square'?","Imagine you are talking to someone and you want to refer to the leftmost object. 
Your job is to decide what utterance to use. The objects might be arranged differently for the other person, so please do not use degenerate spatial locations and the label. The target image is highlighted by a dashed red box that only you can see.
What will you say?",Imagine someone is talking to you and uses the word 'blue' to refer to one of the objects. Which object do you think they are talking about?,Imagine someone is talking to you and uses the word 'square' to refer to one of the objects. Which object do you think they are talking about?,the blue square one,2,yes,yes,no,blue,square,yes,2cond6_016.jpeg,cond6,green,square,blue,circle,color,shape,1,1,1,leftmost,square,green,checked,circle,blue,checked,circle,blue,checked,"Imagine you are talking to someone and you want to refer to the leftmost object. Which word would you use, 'green' or 'square'?","Imagine you are talking to someone and you want to refer to the leftmost object. 
Your job is to decide what utterance to use. The objects might be arranged differently for the other person, so please do not use degenerate spatial locations and the label. The target image is highlighted by a dashed red box that only you can see.
What will you say?",Imagine someone is talking to you and uses the word 'green' to refer to one of the objects. Which object do you think they are talking about?,Imagine someone is talking to you and uses the word 'square' to refer to one of the objects. Which object do you think they are talking about?,the green square,2,yes,yes,no,green,square,yes,2cond6_017.jpeg,cond6,striped,square,spotted,circle,pattern,shape,1,1,1,leftmost,square,red,striped,circle,red,spotted,circle,red,spotted,"Imagine you are talking to someone and you want to refer to the leftmost object. Which word would you use, 'striped' or 'square'?","Imagine you are talking to someone and you want to refer to the leftmost object. 
Your job is to decide what utterance to use. The objects might be arranged differently for the other person, so please do not use degenerate spatial locations and the label. The target image is highlighted by a dashed red box that only you can see.
What will you say?",Imagine someone is talking to you and uses the word 'striped' to refer to one of the objects. Which object do you think they are talking about?,Imagine someone is talking to you and uses the word 'square' to refer to one of the objects. Which object do you think they are talking about?,the striped square,2,yes,no,yes,striped,square,yes,2cond6_018.jpeg,cond6,green,striped,blue,spotted,color,pattern,1,1,3,rightmost,triangle,blue,spotted,triangle,blue,spotted,triangle,green,striped,"Imagine you are talking to someone and you want to refer to the rightmost object. Which word would you use, 'green' or 'striped'?","Imagine you are talking to someone and you want to refer to the leftmost object. 
Your job is to decide what utterance to use. The objects might be arranged differently for the other person, so please do not use degenerate spatial locations and the label. The target image is highlighted by a dashed red box that only you can see.
What will you say?",Imagine someone is talking to you and uses the word 'green' to refer to one of the objects. Which object do you think they are talking about?,Imagine someone is talking to you and uses the word 'striped' to refer to one of the objects. Which object do you think they are talking about?,the green striped triangle,3,yes,no,no,green,striped,yes,2cond6_019.jpeg,cond6,circle,spotted,square,striped,shape,pattern,1,1,3,rightmost,square,red,striped,square,red,striped,circle,red,spotted,"Imagine you are talking to someone and you want to refer to the rightmost object. Which word would you use, 'circle' or 'spotted'?","Imagine you are talking to someone and you want to refer to the leftmost object. 
Your job is to decide what utterance to use. The objects might be arranged differently for the other person, so please do not use degenerate spatial locations and the label. The target image is highlighted by a dashed red box that only you can see.
What will you say?",Imagine someone is talking to you and uses the word 'circle' to refer to one of the objects. Which object do you think they are talking about?,Imagine someone is talking to you and uses the word 'spotted' to refer to one of the objects. Which object do you think they are talking about?,the dotted circle,2,yes,no,yes,circle,spotted,yes,2cond6_020.jpeg,cond6,spotted,circle,striped,square,pattern,shape,1,1,2,middle,square,red,striped,circle,red,spotted,square,red,striped,"Imagine you are talking to someone and you want to refer to the middle object. Which word would you use, 'spotted' or 'circle'?","Imagine you are talking to someone and you want to refer to the leftmost object. 
Your job is to decide what utterance to use. The objects might be arranged differently for the other person, so please do not use degenerate spatial locations and the label. The target image is highlighted by a dashed red box that only you can see.
What will you say?",Imagine someone is talking to you and uses the word 'spotted' to refer to one of the objects. Which object do you think they are talking about?,Imagine someone is talking to you and uses the word 'circle' to refer to one of the objects. Which object do you think they are talking about?,the dotted circle,2,yes,no,yes,spotted,circle,yes,2cond6_021.jpeg,cond6,square,green,circle,blue,shape,color,1,1,3,rightmost,circle,blue,checked,circle,blue,checked,square,green,checked,"Imagine you are talking to someone and you want to refer to the rightmost object. Which word would you use, 'square' or 'green'?","Imagine you are talking to someone and you want to refer to the leftmost object. 
Your job is to decide what utterance to use. The objects might be arranged differently for the other person, so please do not use degenerate spatial locations and the label. The target image is highlighted by a dashed red box that only you can see.
What will you say?",Imagine someone is talking to you and uses the word 'square' to refer to one of the objects. Which object do you think they are talking about?,Imagine someone is talking to you and uses the word 'green' to refer to one of the objects. Which object do you think they are talking about?,the green square,2,yes,yes,no,square,green,yes,2cond6_022.jpeg,cond6,blue,spotted,green,striped,color,pattern,1,1,1,leftmost,triangle,blue,spotted,triangle,green,striped,triangle,green,striped,"Imagine you are talking to someone and you want to refer to the leftmost object. Which word would you use, 'blue' or 'spotted'?","Imagine you are talking to someone and you want to refer to the leftmost object. 
Your job is to decide what utterance to use. The objects might be arranged differently for the other person, so please do not use degenerate spatial locations and the label. The target image is highlighted by a dashed red box that only you can see.
What will you say?",Imagine someone is talking to you and uses the word 'blue' to refer to one of the objects. Which object do you think they are talking about?,Imagine someone is talking to you and uses the word 'spotted' to refer to one of the objects. Which object do you think they are talking about?,the blue dotted triangle,3,yes,yes,yes,blue,spotted,yes,2cond6_023.jpeg,cond6,circle,blue,square,green,shape,color,1,1,3,rightmost,square,green,checked,square,green,checked,circle,blue,checked,"Imagine you are talking to someone and you want to refer to the rightmost object. Which word would you use, 'circle' or 'blue'?","Imagine you are talking to someone and you want to refer to the leftmost object. 
Your job is to decide what utterance to use. The objects might be arranged differently for the other person, so please do not use degenerate spatial locations and the label. The target image is highlighted by a dashed red box that only you can see.
What will you say?",Imagine someone is talking to you and uses the word 'circle' to refer to one of the objects. Which object do you think they are talking about?,Imagine someone is talking to you and uses the word 'blue' to refer to one of the objects. Which object do you think they are talking about?,The circular checkerboard.,2,yes,no,yes,circle,blue,yes,1cond6_024.jpeg,cond6,blue,circle,green,square,color,shape,1,1,1,leftmost,circle,blue,checked,square,green,checked,square,green,checked,"Imagine you are talking to someone and you want to refer to the leftmost object. Which word would you use, 'blue' or 'circle'?","Imagine you are talking to someone and you want to refer to the leftmost object. 
Your job is to decide what utterance to use. The objects might be arranged differently for the other person, so please do not use degenerate spatial locations and the label. The target image is highlighted by a dashed red box that only you can see.
What will you say?",Imagine someone is talking to you and uses the word 'blue' to refer to one of the objects. Which object do you think they are talking about?,Imagine someone is talking to you and uses the word 'circle' to refer to one of the objects. Which object do you think they are talking about?,the circle,1,yes,no,no,blue,circle,yes,1cond6_025.jpeg,cond6,blue,spotted,green,striped,color,pattern,1,1,1,leftmost,triangle,blue,spotted,triangle,green,striped,triangle,green,striped,"Imagine you are talking to someone and you want to refer to the leftmost object. Which word would you use, 'blue' or 'spotted'?","Imagine you are talking to someone and you want to refer to the leftmost object. 
Your job is to decide what utterance to use. The objects might be arranged differently for the other person, so please do not use degenerate spatial locations and the label. The target image is highlighted by a dashed red box that only you can see.
What will you say?",Imagine someone is talking to you and uses the word 'blue' to refer to one of the objects. Which object do you think they are talking about?,Imagine someone is talking to you and uses the word 'spotted' to refer to one of the objects. Which object do you think they are talking about?,the blue dotted triangle,3,yes,yes,yes,blue,spotted,yes,2cond6_026.jpeg,cond6,spotted,blue,striped,green,pattern,color,1,1,1,leftmost,triangle,blue,spotted,triangle,green,striped,triangle,green,striped,"Imagine you are talking to someone and you want to refer to the leftmost object. Which word would you use, 'spotted' or 'blue'?","Imagine you are talking to someone and you want to refer to the leftmost object. 
Your job is to decide what utterance to use. The objects might be arranged differently for the other person, so please do not use degenerate spatial locations and the label. The target image is highlighted by a dashed red box that only you can see.
What will you say?",Imagine someone is talking to you and uses the word 'spotted' to refer to one of the objects. Which object do you think they are talking about?,Imagine someone is talking to you and uses the word 'blue' to refer to one of the objects. Which object do you think they are talking about?,the blue dotted triangle,3,yes,yes,yes,spotted,blue,yes,2cond6_027.jpeg,cond6,striped,green,spotted,blue,pattern,color,1,1,3,rightmost,triangle,blue,spotted,triangle,blue,spotted,triangle,green,striped,"Imagine you are talking to someone and you want to refer to the rightmost object. Which word would you use, 'striped' or 'green'?","Imagine you are talking to someone and you want to refer to the leftmost object. 
Your job is to decide what utterance to use. The objects might be arranged differently for the other person, so please do not use degenerate spatial locations and the label. The target image is highlighted by a dashed red box that only you can see.
What will you say?",Imagine someone is talking to you and uses the word 'striped' to refer to one of the objects. Which object do you think they are talking about?,Imagine someone is talking to you and uses the word 'green' to refer to one of the objects. Which object do you think they are talking about?,the green striped triangle,3,yes,yes,yes,striped,green,yes,2cond6_028.jpeg,cond6,spotted,blue,striped,green,pattern,color,1,1,2,middle,triangle,green,striped,triangle,blue,spotted,triangle,green,striped,"Imagine you are talking to someone and you want to refer to the middle object. Which word would you use, 'spotted' or 'blue'?","Imagine you are talking to someone and you want to refer to the leftmost object. 
Your job is to decide what utterance to use. The objects might be arranged differently for the other person, so please do not use degenerate spatial locations and the label. The target image is highlighted by a dashed red box that only you can see.
What will you say?",Imagine someone is talking to you and uses the word 'spotted' to refer to one of the objects. Which object do you think they are talking about?,Imagine someone is talking to you and uses the word 'blue' to refer to one of the objects. Which object do you think they are talking about?,the blue dotted triangle,3,yes,yes,yes,spotted,blue,yes,2cond6_029.jpeg,cond6,circle,spotted,square,striped,shape,pattern,1,1,1,leftmost,circle,red,spotted,square,red,striped,square,red,striped,"Imagine you are talking to someone and you want to refer to the leftmost object. Which word would you use, 'circle' or 'spotted'?","Imagine you are talking to someone and you want to refer to the leftmost object. 
Your job is to decide what utterance to use. The objects might be arranged differently for the other person, so please do not use degenerate spatial locations and the label. The target image is highlighted by a dashed red box that only you can see.
What will you say?",Imagine someone is talking to you and uses the word 'circle' to refer to one of the objects. Which object do you think they are talking about?,Imagine someone is talking to you and uses the word 'spotted' to refer to one of the objects. Which object do you think they are talking about?,dotted circle,2,yes,no,yes,circle,spotted,yes,2cond6_030.jpeg,cond6,square,green,circle,blue,shape,color,1,1,2,middle,circle,blue,checked,square,green,checked,circle,blue,checked,"Imagine you are talking to someone and you want to refer to the middle object. Which word would you use, 'square' or 'green'?","Imagine you are talking to someone and you want to refer to the leftmost object. 
Your job is to decide what utterance to use. The objects might be arranged differently for the other person, so please do not use degenerate spatial locations and the label. The target image is highlighted by a dashed red box that only you can see.
What will you say?",Imagine someone is talking to you and uses the word 'square' to refer to one of the objects. Which object do you think they are talking about?,Imagine someone is talking to you and uses the word 'green' to refer to one of the objects. Which object do you think they are talking about?,the green square,2,yes,yes,no,square,green,yes,2cond6_031.jpeg,cond6,spotted,green,striped,blue,pattern,color,1,1,2,middle,triangle,blue,striped,triangle,green,spotted,triangle,blue,striped,"Imagine you are talking to someone and you want to refer to the middle object. Which word would you use, 'spotted' or 'green'?","Imagine you are talking to someone and you want to refer to the leftmost object. 
Your job is to decide what utterance to use. The objects might be arranged differently for the other person, so please do not use degenerate spatial locations and the label. The target image is highlighted by a dashed red box that only you can see.
What will you say?",Imagine someone is talking to you and uses the word 'spotted' to refer to one of the objects. Which object do you think they are talking about?,Imagine someone is talking to you and uses the word 'green' to refer to one of the objects. Which object do you think they are talking about?,the green triangle,2,yes,yes,no,spotted,green,yes,1cond6_032.jpeg,cond6,square,green,circle,blue,shape,color,1,1,3,rightmost,circle,blue,checked,circle,blue,checked,square,green,checked,"Imagine you are talking to someone and you want to refer to the rightmost object. Which word would you use, 'square' or 'green'?","Imagine you are talking to someone and you want to refer to the leftmost object. 
Your job is to decide what utterance to use. The objects might be arranged differently for the other person, so please do not use degenerate spatial locations and the label. The target image is highlighted by a dashed red box that only you can see.
What will you say?",Imagine someone is talking to you and uses the word 'square' to refer to one of the objects. Which object do you think they are talking about?,Imagine someone is talking to you and uses the word 'green' to refer to one of the objects. Which object do you think they are talking about?,green square,2,yes,yes,no,square,green,yes,2cond6_033.jpeg,cond6,green,spotted,blue,striped,color,pattern,1,1,1,leftmost,triangle,green,spotted,triangle,blue,striped,triangle,blue,striped,"Imagine you are talking to someone and you want to refer to the leftmost object. Which word would you use, 'green' or 'spotted'?","Imagine you are talking to someone and you want to refer to the leftmost object. 
Your job is to decide what utterance to use. The objects might be arranged differently for the other person, so please do not use degenerate spatial locations and the label. The target image is highlighted by a dashed red box that only you can see.
What will you say?",Imagine someone is talking to you and uses the word 'green' to refer to one of the objects. Which object do you think they are talking about?,Imagine someone is talking to you and uses the word 'spotted' to refer to one of the objects. Which object do you think they are talking about?,the green dotted triangle,3,yes,yes,yes,green,spotted,yes,2cond6_034.jpeg,cond6,spotted,green,striped,blue,pattern,color,1,1,2,middle,triangle,blue,striped,triangle,green,spotted,triangle,blue,striped,"Imagine you are talking to someone and you want to refer to the middle object. Which word would you use, 'spotted' or 'green'?","Imagine you are talking to someone and you want to refer to the leftmost object. 
Your job is to decide what utterance to use. The objects might be arranged differently for the other person, so please do not use degenerate spatial locations and the label. The target image is highlighted by a dashed red box that only you can see.
What will you say?",Imagine someone is talking to you and uses the word 'spotted' to refer to one of the objects. Which object do you think they are talking about?,Imagine someone is talking to you and uses the word 'green' to refer to one of the objects. Which object do you think they are talking about?,the green dotted triangle,3,yes,yes,yes,spotted,green,yes,2cond6_035.jpeg,cond6,square,striped,circle,spotted,shape,pattern,1,1,1,leftmost,square,red,striped,circle,red,spotted,circle,red,spotted,"Imagine you are talking to someone and you want to refer to the leftmost object. Which word would you use, 'square' or 'striped'?","Imagine you are talking to someone and you want to refer to the leftmost object. 
Your job is to decide what utterance to use. The objects might be arranged differently for the other person, so please do not use degenerate spatial locations and the label. The target image is highlighted by a dashed red box that only you can see.
What will you say?",Imagine someone is talking to you and uses the word 'square' to refer to one of the objects. Which object do you think they are talking about?,Imagine someone is talking to you and uses the word 'striped' to refer to one of the objects. Which object do you think they are talking about?,striped square,2,yes,no,yes,square,striped,yes,2cond6_036.jpeg,cond6,blue,square,green,circle,color,shape,1,1,1,leftmost,square,blue,checked,circle,green,checked,circle,green,checked,"Imagine you are talking to someone and you want to refer to the leftmost object. Which word would you use, 'blue' or 'square'?","Imagine you are talking to someone and you want to refer to the leftmost object. 
Your job is to decide what utterance to use. The objects might be arranged differently for the other person, so please do not use degenerate spatial locations and the label. The target image is highlighted by a dashed red box that only you can see.
What will you say?",Imagine someone is talking to you and uses the word 'blue' to refer to one of the objects. Which object do you think they are talking about?,Imagine someone is talking to you and uses the word 'square' to refer to one of the objects. Which object do you think they are talking about?,the blue square,2,yes,yes,no,blue,square,yes,2cond6_037.jpeg,cond6,circle,striped,square,spotted,shape,pattern,1,1,1,leftmost,circle,red,striped,square,red,spotted,square,red,spotted,"Imagine you are talking to someone and you want to refer to the leftmost object. Which word would you use, 'circle' or 'striped'?","Imagine you are talking to someone and you want to refer to the leftmost object. 
Your job is to decide what utterance to use. The objects might be arranged differently for the other person, so please do not use degenerate spatial locations and the label. The target image is highlighted by a dashed red box that only you can see.
What will you say?",Imagine someone is talking to you and uses the word 'circle' to refer to one of the objects. Which object do you think they are talking about?,Imagine someone is talking to you and uses the word 'striped' to refer to one of the objects. Which object do you think they are talking about?,the striped circle,2,yes,no,yes,circle,striped,yes,2cond6_038.jpeg,cond6,green,spotted,blue,striped,color,pattern,1,1,3,rightmost,triangle,blue,striped,triangle,blue,striped,triangle,green,spotted,"Imagine you are talking to someone and you want to refer to the rightmost object. Which word would you use, 'green' or 'spotted'?","Imagine you are talking to someone and you want to refer to the leftmost object. 
Your job is to decide what utterance to use. The objects might be arranged differently for the other person, so please do not use degenerate spatial locations and the label. The target image is highlighted by a dashed red box that only you can see.
What will you say?",Imagine someone is talking to you and uses the word 'green' to refer to one of the objects. Which object do you think they are talking about?,Imagine someone is talking to you and uses the word 'spotted' to refer to one of the objects. Which object do you think they are talking about?,green triangle with dots,3,yes,yes,yes,green,spotted,yes,2cond6_039.jpeg,cond6,blue,spotted,green,striped,color,pattern,1,1,3,rightmost,triangle,green,striped,triangle,green,striped,triangle,blue,spotted,"Imagine you are talking to someone and you want to refer to the rightmost object. Which word would you use, 'blue' or 'spotted'?","Imagine you are talking to someone and you want to refer to the leftmost object. 
Your job is to decide what utterance to use. The objects might be arranged differently for the other person, so please do not use degenerate spatial locations and the label. The target image is highlighted by a dashed red box that only you can see.
What will you say?",Imagine someone is talking to you and uses the word 'blue' to refer to one of the objects. Which object do you think they are talking about?,Imagine someone is talking to you and uses the word 'spotted' to refer to one of the objects. Which object do you think they are talking about?,blue dotted triangle,3,yes,yes,yes,blue,spotted,yes,2cond6_040.jpeg,cond6,spotted,square,striped,circle,pattern,shape,1,1,1,leftmost,square,red,spotted,circle,red,striped,circle,red,striped,"Imagine you are talking to someone and you want to refer to the leftmost object. Which word would you use, 'spotted' or 'square'?","Imagine you are talking to someone and you want to refer to the leftmost object. 
Your job is to decide what utterance to use. The objects might be arranged differently for the other person, so please do not use degenerate spatial locations and the label. The target image is highlighted by a dashed red box that only you can see.
What will you say?",Imagine someone is talking to you and uses the word 'spotted' to refer to one of the objects. Which object do you think they are talking about?,Imagine someone is talking to you and uses the word 'square' to refer to one of the objects. Which object do you think they are talking about?,the dotted square,2,yes,no,yes,spotted,square,yes,2cond6_041.jpeg,cond6,green,square,blue,circle,color,shape,1,1,2,middle,circle,blue,checked,square,green,checked,circle,blue,checked,"Imagine you are talking to someone and you want to refer to the middle object. Which word would you use, 'green' or 'square'?","Imagine you are talking to someone and you want to refer to the leftmost object. 
Your job is to decide what utterance to use. The objects might be arranged differently for the other person, so please do not use degenerate spatial locations and the label. The target image is highlighted by a dashed red box that only you can see.
What will you say?",Imagine someone is talking to you and uses the word 'green' to refer to one of the objects. Which object do you think they are talking about?,Imagine someone is talking to you and uses the word 'square' to refer to one of the objects. Which object do you think they are talking about?,the square checkerboard,2,yes,no,yes,green,square,yes,1cond6_042.jpeg,cond6,square,spotted,circle,striped,shape,pattern,1,1,3,rightmost,circle,red,striped,circle,red,striped,square,red,spotted,"Imagine you are talking to someone and you want to refer to the rightmost object. Which word would you use, 'square' or 'spotted'?","Imagine you are talking to someone and you want to refer to the leftmost object. 
Your job is to decide what utterance to use. The objects might be arranged differently for the other person, so please do not use degenerate spatial locations and the label. The target image is highlighted by a dashed red box that only you can see.
What will you say?",Imagine someone is talking to you and uses the word 'square' to refer to one of the objects. Which object do you think they are talking about?,Imagine someone is talking to you and uses the word 'spotted' to refer to one of the objects. Which object do you think they are talking about?,the dotted square,2,yes,no,yes,square,spotted,yes,2cond6_043.jpeg,cond6,green,circle,blue,square,color,shape,1,1,1,leftmost,circle,green,checked,square,blue,checked,square,blue,checked,"Imagine you are talking to someone and you want to refer to the leftmost object. Which word would you use, 'green' or 'circle'?","Imagine you are talking to someone and you want to refer to the leftmost object. 
Your job is to decide what utterance to use. The objects might be arranged differently for the other person, so please do not use degenerate spatial locations and the label. The target image is highlighted by a dashed red box that only you can see.
What will you say?",Imagine someone is talking to you and uses the word 'green' to refer to one of the objects. Which object do you think they are talking about?,Imagine someone is talking to you and uses the word 'circle' to refer to one of the objects. Which object do you think they are talking about?,the circular one with the green border,2,yes,yes,no,green,circle,yes,2cond6_044.jpeg,cond6,striped,circle,spotted,square,pattern,shape,1,1,1,leftmost,circle,red,striped,square,red,spotted,square,red,spotted,"Imagine you are talking to someone and you want to refer to the leftmost object. Which word would you use, 'striped' or 'circle'?","Imagine you are talking to someone and you want to refer to the leftmost object. 
Your job is to decide what utterance to use. The objects might be arranged differently for the other person, so please do not use degenerate spatial locations and the label. The target image is highlighted by a dashed red box that only you can see.
What will you say?",Imagine someone is talking to you and uses the word 'striped' to refer to one of the objects. Which object do you think they are talking about?,Imagine someone is talking to you and uses the word 'circle' to refer to one of the objects. Which object do you think they are talking about?,the striped circle,2,yes,no,yes,striped,circle,yes,2cond6_045.jpeg,cond6,square,green,circle,blue,shape,color,1,1,1,leftmost,square,green,checked,circle,blue,checked,circle,blue,checked,"Imagine you are talking to someone and you want to refer to the leftmost object. Which word would you use, 'square' or 'green'?","Imagine you are talking to someone and you want to refer to the leftmost object. 
Your job is to decide what utterance to use. The objects might be arranged differently for the other person, so please do not use degenerate spatial locations and the label. The target image is highlighted by a dashed red box that only you can see.
What will you say?",Imagine someone is talking to you and uses the word 'square' to refer to one of the objects. Which object do you think they are talking about?,Imagine someone is talking to you and uses the word 'green' to refer to one of the objects. Which object do you think they are talking about?,the green square,2,yes,yes,no,square,green,yes,2cond6_046.jpeg,cond6,striped,green,spotted,blue,pattern,color,1,1,1,leftmost,triangle,green,striped,triangle,blue,spotted,triangle,blue,spotted,"Imagine you are talking to someone and you want to refer to the leftmost object. Which word would you use, 'striped' or 'green'?","Imagine you are talking to someone and you want to refer to the leftmost object. 
Your job is to decide what utterance to use. The objects might be arranged differently for the other person, so please do not use degenerate spatial locations and the label. The target image is highlighted by a dashed red box that only you can see.
What will you say?",Imagine someone is talking to you and uses the word 'striped' to refer to one of the objects. Which object do you think they are talking about?,Imagine someone is talking to you and uses the word 'green' to refer to one of the objects. Which object do you think they are talking about?,the green striped triangle,3,yes,yes,yes,striped,green,yes,2cond6_047.jpeg,cond6,blue,spotted,green,striped,color,pattern,1,1,3,rightmost,triangle,green,striped,triangle,green,striped,triangle,blue,spotted,"Imagine you are talking to someone and you want to refer to the rightmost object. Which word would you use, 'blue' or 'spotted'?","Imagine you are talking to someone and you want to refer to the leftmost object. 
Your job is to decide what utterance to use. The objects might be arranged differently for the other person, so please do not use degenerate spatial locations and the label. The target image is highlighted by a dashed red box that only you can see.
What will you say?",Imagine someone is talking to you and uses the word 'blue' to refer to one of the objects. Which object do you think they are talking about?,Imagine someone is talking to you and uses the word 'spotted' to refer to one of the objects. Which object do you think they are talking about?,blue dotted triangle,3,yes,yes,yes,blue,spotted,yes,2cond6_048.jpeg,cond6,blue,circle,green,square,color,shape,1,1,2,middle,square,green,checked,circle,blue,checked,square,green,checked,"Imagine you are talking to someone and you want to refer to the middle object. Which word would you use, 'blue' or 'circle'?","Imagine you are talking to someone and you want to refer to the leftmost object. 
Your job is to decide what utterance to use. The objects might be arranged differently for the other person, so please do not use degenerate spatial locations and the label. The target image is highlighted by a dashed red box that only you can see.
What will you say?",Imagine someone is talking to you and uses the word 'blue' to refer to one of the objects. Which object do you think they are talking about?,Imagine someone is talking to you and uses the word 'circle' to refer to one of the objects. Which object do you think they are talking about?,the circular checkerboard,2,yes,no,yes,blue,circle,yes,1cond6_049.jpeg,cond6,spotted,blue,striped,green,pattern,color,1,1,3,rightmost,triangle,green,striped,triangle,green,striped,triangle,blue,spotted,"Imagine you are talking to someone and you want to refer to the rightmost object. Which word would you use, 'spotted' or 'blue'?","Imagine you are talking to someone and you want to refer to the leftmost object. 
Your job is to decide what utterance to use. The objects might be arranged differently for the other person, so please do not use degenerate spatial locations and the label. The target image is highlighted by a dashed red box that only you can see.
What will you say?",Imagine someone is talking to you and uses the word 'spotted' to refer to one of the objects. Which object do you think they are talking about?,Imagine someone is talking to you and uses the word 'blue' to refer to one of the objects. Which object do you think they are talking about?,blue dotted triangle,3,yes,yes,yes,spotted,blue,yes,2cond6_050.jpeg,cond6,green,striped,blue,spotted,color,pattern,1,1,1,leftmost,triangle,green,striped,triangle,blue,spotted,triangle,blue,spotted,"Imagine you are talking to someone and you want to refer to the leftmost object. Which word would you use, 'green' or 'striped'?","Imagine you are talking to someone and you want to refer to the leftmost object. 
Your job is to decide what utterance to use. The objects might be arranged differently for the other person, so please do not use degenerate spatial locations and the label. The target image is highlighted by a dashed red box that only you can see.
What will you say?",Imagine someone is talking to you and uses the word 'green' to refer to one of the objects. Which object do you think they are talking about?,Imagine someone is talking to you and uses the word 'striped' to refer to one of the objects. Which object do you think they are talking about?,the green striped triangle,3,yes,yes,yes,green,striped,yes,2